bed_id,care_center_id,room_id
b-usa-2617,cc-usa-2,r-usa-vip-5511
b-usa-9576,cc-usa-1,r-usa-vvip-3554
b-usa-8032,cc-usa-1,r-usa-vvip-0115
b-usa-2857,cc-usa-2,r-usa-i-8815
b-usa-3504,cc-usa-2,r-usa-i-1782
b-usa-3879,cc-usa-1,r-usa-vip-2554
b-usa-6456,cc-usa-2,r-usa-i-1811
b-usa-4722,cc-usa-2,r-usa-vvip-1766
b-usa-1404,cc-usa-1,r-usa-i-1819
b-usa-3402,cc-usa-2,r-usa-i-8797
b-usa-8676,cc-usa-2,r-usa-vvip-5518
b-usa-3820,cc-usa-2,r-usa-vip-6460
b-usa-1776,cc-usa-2,r-usa-vip-3746
b-usa-9894,cc-usa-1,r-usa-i-6207
b-usa-3670,cc-usa-2,r-usa-vip-6445
b-usa-4403,cc-usa-2,r-usa-vvip-1930
b-usa-0173,cc-usa-2,r-usa-vip-8527
b-usa-0132,cc-usa-1,r-usa-vvip-6717
b-usa-3598,cc-usa-1,r-usa-vip-4830
b-usa-4802,cc-usa-2,r-usa-vvip-3159
b-usa-3190,cc-usa-1,r-usa-vip-3496
b-usa-9014,cc-usa-2,r-usa-vip-2733
b-usa-6045,cc-usa-1,r-usa-vip-1579
b-usa-0808,cc-usa-1,r-usa-vvip-1260
b-usa-0528,cc-usa-1,r-usa-vip-8668
b-usa-3882,cc-usa-2,r-usa-vvip-7524
b-usa-0416,cc-usa-1,r-usa-vip-8554
b-usa-5452,cc-usa-1,r-usa-vvip-5440
b-usa-6854,cc-usa-1,r-usa-vip-8614
b-usa-4263,cc-usa-2,r-usa-vip-1133
b-usa-2199,cc-usa-1,r-usa-vvip-2473
b-usa-3232,cc-usa-2,r-usa-vvip-4957
b-usa-6202,cc-usa-2,r-usa-i-1447
b-usa-9710,cc-usa-2,r-usa-vvip-9215
b-usa-5329,cc-usa-2,r-usa-vip-8118
b-usa-9446,cc-usa-1,r-usa-i-3582
b-usa-8465,cc-usa-1,r-usa-i-4991
b-usa-9397,cc-usa-1,r-usa-vvip-8003
b-usa-9675,cc-usa-1,r-usa-vvip-4200
b-usa-5221,cc-usa-2,r-usa-vip-3201
b-usa-2945,cc-usa-1,r-usa-vvip-4396
b-usa-1191,cc-usa-1,r-usa-vip-1387
b-usa-9091,cc-usa-1,r-usa-i-9577
b-usa-1304,cc-usa-1,r-usa-i-1343
b-usa-8702,cc-usa-1,r-usa-vip-0670
b-usa-9127,cc-usa-2,r-usa-vip-2306
b-usa-8283,cc-usa-1,r-usa-i-3259
b-usa-0571,cc-usa-1,r-usa-vip-9809
b-usa-8039,cc-usa-2,r-usa-vvip-5375
b-usa-1198,cc-usa-1,r-usa-i-1854
b-usa-2010,cc-usa-2,r-usa-vip-0905
b-usa-1967,cc-usa-1,r-usa-vvip-8285
b-usa-0238,cc-usa-2,r-usa-i-2740
b-usa-5749,cc-usa-2,r-usa-vvip-1600
b-usa-5242,cc-usa-1,r-usa-vvip-5831
b-usa-3726,cc-usa-1,r-usa-vip-3028
b-usa-6353,cc-usa-2,r-usa-i-6533
b-usa-5183,cc-usa-2,r-usa-vvip-9487
b-usa-0830,cc-usa-2,r-usa-vip-7231
b-usa-5500,cc-usa-2,r-usa-vip-5843
b-usa-2007,cc-usa-2,r-usa-i-4710
b-usa-1873,cc-usa-1,r-usa-i-6538
b-usa-3771,cc-usa-1,r-usa-vvip-1305
b-usa-4423,cc-usa-1,r-usa-i-1055
b-usa-7877,cc-usa-1,r-usa-vvip-6726
b-usa-2903,cc-usa-1,r-usa-vip-7934
b-usa-2336,cc-usa-2,r-usa-vip-2179
b-usa-6351,cc-usa-1,r-usa-vip-8074
b-usa-9228,cc-usa-1,r-usa-vvip-3048
b-usa-7646,cc-usa-1,r-usa-i-0169
b-usa-1877,cc-usa-2,r-usa-i-6973
b-usa-4275,cc-usa-2,r-usa-vip-1955
b-usa-9907,cc-usa-1,r-usa-vvip-1630
b-usa-1141,cc-usa-1,r-usa-vip-4527
b-usa-5557,cc-usa-1,r-usa-vvip-3027
b-usa-0998,cc-usa-2,r-usa-i-8163
b-usa-2161,cc-usa-2,r-usa-vip-1947
b-usa-8145,cc-usa-2,r-usa-vvip-0660
b-usa-1828,cc-usa-1,r-usa-i-0809
b-usa-9056,cc-usa-2,r-usa-i-7486
b-usa-7958,cc-usa-1,r-usa-i-3008
b-usa-9101,cc-usa-1,r-usa-i-7514
b-usa-7296,cc-usa-1,r-usa-i-6438
b-usa-8952,cc-usa-2,r-usa-i-9416
b-usa-2738,cc-usa-2,r-usa-i-3080
b-usa-2727,cc-usa-1,r-usa-i-2446
b-usa-9715,cc-usa-2,r-usa-i-6057
b-usa-9042,cc-usa-1,r-usa-vip-2131
b-usa-8906,cc-usa-1,r-usa-vvip-7332
b-usa-7414,cc-usa-1,r-usa-vvip-1411
b-usa-0143,cc-usa-2,r-usa-vvip-0171
b-usa-8059,cc-usa-1,r-usa-vip-4609
b-usa-9263,cc-usa-1,r-usa-vvip-2024
b-usa-0865,cc-usa-1,r-usa-i-2181
b-usa-8240,cc-usa-1,r-usa-vip-3050
b-usa-7785,cc-usa-1,r-usa-i-4353
b-usa-0938,cc-usa-1,r-usa-vip-6492
b-usa-2154,cc-usa-1,r-usa-vip-7609
b-usa-4638,cc-usa-2,r-usa-i-6197
b-usa-4021,cc-usa-1,r-usa-vvip-4527
b-usa-2379,cc-usa-2,r-usa-vvip-9134
b-usa-0853,cc-usa-1,r-usa-i-3030
b-usa-4224,cc-usa-1,r-usa-i-1730
b-usa-2102,cc-usa-2,r-usa-i-5825
b-usa-3365,cc-usa-1,r-usa-i-3888
b-usa-9617,cc-usa-1,r-usa-vip-5823
b-usa-1853,cc-usa-2,r-usa-vip-4445
b-usa-7618,cc-usa-1,r-usa-vvip-9841
b-usa-8114,cc-usa-2,r-usa-vip-7591
b-usa-9212,cc-usa-1,r-usa-i-2812
b-usa-3881,cc-usa-1,r-usa-vvip-0092
b-usa-5453,cc-usa-2,r-usa-vvip-6630
b-usa-5836,cc-usa-2,r-usa-i-9344
b-usa-6543,cc-usa-1,r-usa-vvip-5400
b-usa-6594,cc-usa-2,r-usa-i-0089
b-usa-6318,cc-usa-1,r-usa-vip-6846
b-usa-1240,cc-usa-1,r-usa-vip-1027
b-usa-8951,cc-usa-2,r-usa-vvip-3164
b-usa-0760,cc-usa-2,r-usa-vip-2819
b-usa-8941,cc-usa-2,r-usa-i-4677
b-usa-3444,cc-usa-2,r-usa-vip-1579
b-usa-2460,cc-usa-1,r-usa-vip-0555
b-usa-0432,cc-usa-1,r-usa-i-1624
b-usa-1159,cc-usa-1,r-usa-i-2692
b-usa-5696,cc-usa-1,r-usa-vip-9436
b-usa-4724,cc-usa-1,r-usa-vip-9793
b-usa-5295,cc-usa-2,r-usa-vip-8268
b-usa-4489,cc-usa-2,r-usa-i-8923
b-usa-2957,cc-usa-2,r-usa-vip-1171
b-usa-7097,cc-usa-1,r-usa-i-5059
b-usa-9581,cc-usa-1,r-usa-i-5054
b-usa-9370,cc-usa-2,r-usa-i-6527
b-usa-4339,cc-usa-2,r-usa-vvip-3769
b-usa-0731,cc-usa-1,r-usa-vip-6090
b-usa-5119,cc-usa-1,r-usa-vvip-0506
b-usa-9273,cc-usa-1,r-usa-vip-8188
b-usa-5164,cc-usa-1,r-usa-i-0555
b-usa-0732,cc-usa-2,r-usa-i-5039
b-usa-7101,cc-usa-1,r-usa-vvip-5843
b-usa-4720,cc-usa-1,r-usa-vvip-4282
b-usa-1743,cc-usa-2,r-usa-vip-7388
b-usa-6224,cc-usa-1,r-usa-vip-4984
b-usa-0630,cc-usa-1,r-usa-vip-6908
b-usa-6462,cc-usa-1,r-usa-i-0099
b-usa-5313,cc-usa-2,r-usa-i-4023
b-usa-0472,cc-usa-2,r-usa-vip-6319
b-usa-1502,cc-usa-1,r-usa-vvip-7116
b-usa-5795,cc-usa-2,r-usa-vip-1489
b-usa-8927,cc-usa-1,r-usa-i-1002
b-usa-0871,cc-usa-2,r-usa-i-5598
b-usa-7716,cc-usa-2,r-usa-vip-7232
b-usa-4022,cc-usa-2,r-usa-vip-2920
b-usa-8743,cc-usa-1,r-usa-vip-7672
b-usa-4539,cc-usa-1,r-usa-vvip-6023
b-usa-1102,cc-usa-1,r-usa-vvip-2636
b-usa-5534,cc-usa-2,r-usa-vip-9203
b-usa-6741,cc-usa-1,r-usa-vip-9967
b-usa-2435,cc-usa-1,r-usa-vvip-8468
b-usa-5184,cc-usa-2,r-usa-vip-7964
b-usa-3348,cc-usa-1,r-usa-vvip-9108
b-usa-0265,cc-usa-2,r-usa-vvip-8829
b-usa-5762,cc-usa-1,r-usa-i-5135
b-usa-9996,cc-usa-1,r-usa-i-6979
b-usa-0068,cc-usa-1,r-usa-vvip-2384
b-usa-5849,cc-usa-2,r-usa-vvip-1018
b-usa-5080,cc-usa-1,r-usa-i-1728
b-usa-4823,cc-usa-1,r-usa-vip-8473
b-usa-1558,cc-usa-2,r-usa-i-0561
b-usa-8330,cc-usa-2,r-usa-vvip-9131
b-usa-8983,cc-usa-1,r-usa-i-6622
b-usa-7094,cc-usa-1,r-usa-i-5818
b-usa-3324,cc-usa-1,r-usa-i-4285
b-usa-6668,cc-usa-2,r-usa-vip-8201
b-usa-6516,cc-usa-2,r-usa-vvip-0013
b-usa-5872,cc-usa-2,r-usa-i-7789
b-usa-7270,cc-usa-2,r-usa-vip-4123
b-usa-3794,cc-usa-1,r-usa-vvip-8956
b-usa-8265,cc-usa-2,r-usa-vvip-4423
b-usa-8469,cc-usa-1,r-usa-vip-4648
b-usa-5124,cc-usa-1,r-usa-i-2837
b-usa-6833,cc-usa-1,r-usa-i-0965
b-usa-2309,cc-usa-2,r-usa-vvip-8323
b-usa-0300,cc-usa-2,r-usa-vvip-0863
b-usa-3893,cc-usa-1,r-usa-vvip-4562
b-usa-2320,cc-usa-2,r-usa-vvip-0353
b-usa-9017,cc-usa-2,r-usa-vvip-2218
b-usa-9901,cc-usa-1,r-usa-vip-5211
b-usa-1839,cc-usa-2,r-usa-vip-0050
b-usa-5786,cc-usa-2,r-usa-vvip-6671
b-usa-0999,cc-usa-2,r-usa-vvip-3535
b-usa-1364,cc-usa-1,r-usa-vip-1885
b-usa-2493,cc-usa-1,r-usa-i-5006
b-usa-8398,cc-usa-1,r-usa-vvip-6397
b-usa-3044,cc-usa-1,r-usa-vvip-8107
b-usa-9318,cc-usa-2,r-usa-i-1576
b-usa-4415,cc-usa-1,r-usa-vvip-2624
b-usa-6903,cc-usa-2,r-usa-vvip-1349
b-usa-6880,cc-usa-2,r-usa-vip-7670
b-usa-6892,cc-usa-2,r-usa-vip-5067
b-usa-6386,cc-usa-2,r-usa-vip-8037
b-usa-4047,cc-usa-2,r-usa-i-0930
b-usa-2669,cc-usa-2,r-usa-vvip-6556
b-usa-8893,cc-usa-1,r-usa-i-8147
b-usa-8955,cc-usa-2,r-usa-vvip-3841
b-usa-4922,cc-usa-2,r-usa-vvip-6477
b-usa-0787,cc-usa-2,r-usa-vvip-4456
b-usa-5739,cc-usa-1,r-usa-i-4853
b-usa-6253,cc-usa-2,r-usa-vvip-2854
b-usa-3613,cc-usa-2,r-usa-vvip-8371
b-usa-3574,cc-usa-1,r-usa-i-2054
b-usa-5274,cc-usa-2,r-usa-vvip-0392
b-usa-9265,cc-usa-1,r-usa-vip-3431
b-usa-0401,cc-usa-2,r-usa-vip-8500
b-usa-7270,cc-usa-2,r-usa-vvip-2313
b-usa-0608,cc-usa-2,r-usa-vvip-4195
b-usa-0870,cc-usa-2,r-usa-vvip-5605
b-usa-4437,cc-usa-2,r-usa-i-1840
b-usa-1710,cc-usa-2,r-usa-vip-9002
b-usa-4691,cc-usa-1,r-usa-i-1881
b-usa-4468,cc-usa-1,r-usa-vip-5552
b-usa-7483,cc-usa-1,r-usa-vip-5175
b-usa-0215,cc-usa-1,r-usa-vvip-8579
b-usa-5565,cc-usa-1,r-usa-vip-5386
b-usa-1475,cc-usa-2,r-usa-vvip-8975
b-usa-4450,cc-usa-1,r-usa-i-6005
b-usa-3349,cc-usa-2,r-usa-vvip-7987
b-usa-1988,cc-usa-2,r-usa-i-1694
b-usa-4054,cc-usa-1,r-usa-i-3428
b-usa-6963,cc-usa-1,r-usa-i-6057
b-usa-6264,cc-usa-2,r-usa-vvip-6836
b-usa-0795,cc-usa-2,r-usa-vvip-8233
b-usa-0338,cc-usa-1,r-usa-vvip-1200
b-usa-5299,cc-usa-2,r-usa-vvip-7212
b-usa-0267,cc-usa-2,r-usa-vvip-2335
b-usa-4567,cc-usa-2,r-usa-vvip-8601
b-usa-9772,cc-usa-2,r-usa-vip-2357
b-usa-1456,cc-usa-1,r-usa-vvip-6274
b-usa-7045,cc-usa-2,r-usa-vvip-3752
b-usa-1238,cc-usa-1,r-usa-i-1090
b-usa-8958,cc-usa-2,r-usa-vvip-4531
b-usa-8025,cc-usa-2,r-usa-i-5401
b-usa-6519,cc-usa-1,r-usa-vip-4281
b-usa-0906,cc-usa-1,r-usa-vip-4149
b-usa-6288,cc-usa-2,r-usa-vip-3536
b-usa-7716,cc-usa-1,r-usa-vip-3762
b-usa-9625,cc-usa-1,r-usa-i-7386
b-usa-9596,cc-usa-1,r-usa-vip-3985
b-usa-5944,cc-usa-1,r-usa-vip-1641
b-usa-9953,cc-usa-1,r-usa-i-3374
b-usa-6076,cc-usa-2,r-usa-vvip-5947
b-usa-2212,cc-usa-2,r-usa-vip-6443
b-usa-8738,cc-usa-1,r-usa-vvip-2525
b-usa-7095,cc-usa-2,r-usa-i-2291
b-usa-1033,cc-usa-1,r-usa-i-3484
b-usa-5427,cc-usa-2,r-usa-vip-8103
b-usa-9709,cc-usa-2,r-usa-vip-1432
b-usa-4875,cc-usa-2,r-usa-vvip-6965
b-usa-4144,cc-usa-2,r-usa-vip-7461
b-usa-6715,cc-usa-2,r-usa-i-8883
b-usa-0065,cc-usa-1,r-usa-vvip-7711
b-usa-6612,cc-usa-1,r-usa-vip-2427
b-usa-4976,cc-usa-2,r-usa-i-7420
b-usa-5579,cc-usa-1,r-usa-vvip-1935
b-usa-4075,cc-usa-1,r-usa-vip-6503
b-usa-0156,cc-usa-2,r-usa-vvip-2478
b-usa-0265,cc-usa-2,r-usa-vvip-8567
b-usa-8280,cc-usa-1,r-usa-vip-3513
b-usa-8872,cc-usa-1,r-usa-vip-4598
b-usa-9978,cc-usa-2,r-usa-i-6596
b-usa-0488,cc-usa-1,r-usa-vvip-5463
b-usa-3836,cc-usa-1,r-usa-vvip-7850
b-usa-5862,cc-usa-1,r-usa-vvip-2306
b-usa-2232,cc-usa-1,r-usa-vvip-7548
b-usa-4595,cc-usa-1,r-usa-vvip-8452
b-usa-8712,cc-usa-1,r-usa-vvip-1304
b-usa-6662,cc-usa-2,r-usa-i-2164
b-usa-8861,cc-usa-1,r-usa-vip-4035
b-usa-1701,cc-usa-2,r-usa-vvip-3582
b-usa-2234,cc-usa-2,r-usa-vvip-2328
b-usa-5971,cc-usa-1,r-usa-i-4765
b-usa-4771,cc-usa-1,r-usa-vip-9932
b-usa-2493,cc-usa-2,r-usa-i-6820
b-usa-2799,cc-usa-2,r-usa-vvip-3588
b-usa-2645,cc-usa-2,r-usa-i-4665
b-usa-0896,cc-usa-1,r-usa-vvip-0917
b-usa-9557,cc-usa-2,r-usa-i-3771
b-usa-6022,cc-usa-2,r-usa-vvip-0368
b-usa-5072,cc-usa-2,r-usa-vip-9178
b-usa-7736,cc-usa-1,r-usa-vip-4947
b-usa-6886,cc-usa-2,r-usa-vvip-4684
b-usa-6022,cc-usa-1,r-usa-vvip-0225
b-usa-0781,cc-usa-2,r-usa-vip-9410
b-usa-9123,cc-usa-2,r-usa-vvip-7284
b-usa-6775,cc-usa-1,r-usa-vvip-1275
b-usa-1909,cc-usa-1,r-usa-vvip-3447
b-usa-7527,cc-usa-2,r-usa-vvip-5105
b-usa-6066,cc-usa-1,r-usa-vvip-7091
b-usa-5832,cc-usa-1,r-usa-vvip-8849
b-usa-0358,cc-usa-2,r-usa-vvip-6365
b-usa-2129,cc-usa-1,r-usa-vip-3411
b-usa-6549,cc-usa-2,r-usa-vvip-6675
b-usa-6713,cc-usa-1,r-usa-vip-5486
b-usa-3375,cc-usa-1,r-usa-vvip-1487
b-usa-7309,cc-usa-1,r-usa-vvip-1922
b-usa-2238,cc-usa-1,r-usa-vip-7903
b-usa-9765,cc-usa-1,r-usa-vvip-4592
b-usa-1811,cc-usa-2,r-usa-vvip-2231
b-usa-7077,cc-usa-2,r-usa-i-5797
b-usa-9080,cc-usa-2,r-usa-vvip-4264
b-usa-5839,cc-usa-2,r-usa-vvip-1982
b-usa-6061,cc-usa-2,r-usa-vvip-3826
b-usa-9260,cc-usa-1,r-usa-i-1884
b-usa-2499,cc-usa-1,r-usa-vip-8476
b-usa-7518,cc-usa-2,r-usa-vvip-7869
b-usa-8858,cc-usa-2,r-usa-vip-4988
b-usa-4329,cc-usa-2,r-usa-vvip-9121
b-usa-4206,cc-usa-1,r-usa-vvip-0312
b-usa-3124,cc-usa-1,r-usa-vvip-1409
b-usa-7467,cc-usa-2,r-usa-vip-8986
b-usa-0062,cc-usa-2,r-usa-vvip-3369
b-usa-6304,cc-usa-1,r-usa-vip-9978
b-usa-5053,cc-usa-2,r-usa-vip-0545
b-usa-2733,cc-usa-2,r-usa-vvip-0497
b-usa-1138,cc-usa-1,r-usa-i-2712
b-usa-6505,cc-usa-1,r-usa-vvip-0869
b-usa-2064,cc-usa-2,r-usa-vvip-3919
b-usa-1195,cc-usa-1,r-usa-i-5144
b-usa-8019,cc-usa-2,r-usa-vip-1908
b-usa-8228,cc-usa-2,r-usa-vvip-6422
b-usa-8044,cc-usa-1,r-usa-i-4864
b-usa-2525,cc-usa-1,r-usa-vip-1305
b-usa-1864,cc-usa-2,r-usa-i-8447
b-usa-8918,cc-usa-2,r-usa-vvip-9434
b-usa-7907,cc-usa-1,r-usa-vip-1497
b-usa-7014,cc-usa-1,r-usa-i-1892
b-usa-1063,cc-usa-2,r-usa-i-2093
b-usa-7659,cc-usa-1,r-usa-vvip-4311
b-usa-5496,cc-usa-2,r-usa-vvip-7954
b-usa-3648,cc-usa-1,r-usa-vip-1268
b-usa-1936,cc-usa-1,r-usa-vvip-8808
b-usa-9346,cc-usa-1,r-usa-vvip-9372
b-usa-1404,cc-usa-2,r-usa-i-7336
b-usa-3717,cc-usa-1,r-usa-i-8784
b-usa-2888,cc-usa-2,r-usa-vvip-9190
b-usa-0972,cc-usa-1,r-usa-i-2192
b-usa-8162,cc-usa-1,r-usa-vvip-9585
b-usa-5345,cc-usa-1,r-usa-vip-6691
b-usa-6279,cc-usa-2,r-usa-vvip-4086
b-usa-3661,cc-usa-2,r-usa-vvip-1746
b-usa-1305,cc-usa-2,r-usa-i-5003
b-usa-4798,cc-usa-2,r-usa-vip-3270
b-usa-9357,cc-usa-2,r-usa-vvip-9100
b-usa-1278,cc-usa-2,r-usa-vip-1185
b-usa-4214,cc-usa-2,r-usa-vvip-5440
b-usa-9205,cc-usa-1,r-usa-vvip-8066
b-usa-6670,cc-usa-1,r-usa-i-6141
b-usa-6361,cc-usa-1,r-usa-vvip-9921
b-usa-3487,cc-usa-2,r-usa-i-4233
b-usa-7265,cc-usa-1,r-usa-i-8328
b-usa-1698,cc-usa-2,r-usa-vip-3369
b-usa-3829,cc-usa-2,r-usa-vip-2751
b-usa-6682,cc-usa-2,r-usa-i-4348
b-usa-8157,cc-usa-1,r-usa-vvip-1951
b-usa-1519,cc-usa-1,r-usa-vvip-5040
b-usa-2004,cc-usa-1,r-usa-i-9010
b-usa-6567,cc-usa-2,r-usa-vip-6904
b-usa-9925,cc-usa-1,r-usa-vip-2606
b-usa-6463,cc-usa-1,r-usa-vvip-0440
b-usa-3800,cc-usa-1,r-usa-vvip-6800
b-usa-9720,cc-usa-1,r-usa-vvip-7378
b-usa-2641,cc-usa-2,r-usa-i-0127
b-usa-3707,cc-usa-1,r-usa-vvip-0832
b-usa-1550,cc-usa-1,r-usa-vip-4095
b-usa-8354,cc-usa-1,r-usa-vip-8307
b-usa-3168,cc-usa-1,r-usa-vip-9441
b-usa-7191,cc-usa-1,r-usa-i-2071
b-usa-0122,cc-usa-1,r-usa-vip-9116
b-usa-0590,cc-usa-2,r-usa-i-7962
b-usa-8464,cc-usa-1,r-usa-vvip-1611
b-usa-3129,cc-usa-2,r-usa-vip-9112
b-usa-7286,cc-usa-1,r-usa-vvip-4044
b-usa-8077,cc-usa-2,r-usa-i-2617
b-usa-5470,cc-usa-2,r-usa-vip-4315
b-usa-1303,cc-usa-1,r-usa-vip-0986
b-usa-2614,cc-usa-2,r-usa-i-0405
b-usa-4500,cc-usa-1,r-usa-i-5225
b-usa-4508,cc-usa-2,r-usa-vip-4234
b-usa-3710,cc-usa-2,r-usa-i-9792
b-usa-7228,cc-usa-1,r-usa-vip-6424
b-usa-0047,cc-usa-2,r-usa-i-5745
b-usa-7890,cc-usa-1,r-usa-i-8535
b-usa-8753,cc-usa-2,r-usa-vip-2415
b-usa-5171,cc-usa-2,r-usa-vip-2485
b-usa-3466,cc-usa-2,r-usa-i-7295
b-usa-8644,cc-usa-1,r-usa-vvip-0368
b-usa-1111,cc-usa-1,r-usa-vvip-8952
b-usa-3525,cc-usa-1,r-usa-vvip-3519
b-usa-6547,cc-usa-1,r-usa-i-9626
b-usa-5593,cc-usa-2,r-usa-vvip-6627
b-usa-3745,cc-usa-1,r-usa-vip-3217
b-usa-3136,cc-usa-2,r-usa-vip-4932
b-usa-4188,cc-usa-2,r-usa-vvip-8641
b-usa-5118,cc-usa-2,r-usa-i-2465
b-usa-1290,cc-usa-1,r-usa-i-8644
b-usa-8841,cc-usa-2,r-usa-vip-3759
b-usa-3351,cc-usa-1,r-usa-i-6282
b-usa-6260,cc-usa-1,r-usa-i-0403
b-usa-1859,cc-usa-1,r-usa-vvip-8272
b-usa-8122,cc-usa-2,r-usa-vip-8298
b-usa-2218,cc-usa-1,r-usa-vvip-1467
b-usa-5118,cc-usa-1,r-usa-vvip-1149
b-usa-8911,cc-usa-1,r-usa-vvip-9093
b-usa-5822,cc-usa-1,r-usa-vip-3953
b-usa-0842,cc-usa-1,r-usa-vvip-4988
b-usa-4898,cc-usa-2,r-usa-vip-5905
b-usa-2168,cc-usa-2,r-usa-vvip-5289
b-usa-0016,cc-usa-1,r-usa-vip-3140
b-usa-9146,cc-usa-2,r-usa-vvip-5671
b-usa-5084,cc-usa-2,r-usa-vip-2467
b-usa-0286,cc-usa-1,r-usa-vip-9435
b-usa-6205,cc-usa-1,r-usa-i-3511
b-usa-1944,cc-usa-2,r-usa-vvip-9127
b-usa-2658,cc-usa-2,r-usa-vip-3089
b-usa-8506,cc-usa-2,r-usa-i-0912
b-usa-1832,cc-usa-2,r-usa-vvip-0010
b-usa-7566,cc-usa-1,r-usa-vvip-7095
b-usa-2865,cc-usa-1,r-usa-vvip-1740
b-usa-4120,cc-usa-1,r-usa-i-0778
b-usa-0310,cc-usa-2,r-usa-i-5914
b-usa-5801,cc-usa-1,r-usa-vip-3979
b-usa-3498,cc-usa-1,r-usa-vvip-7878
b-usa-1665,cc-usa-1,r-usa-vvip-8029
b-usa-8593,cc-usa-1,r-usa-vip-5362
b-usa-1721,cc-usa-2,r-usa-i-1217
b-usa-8235,cc-usa-2,r-usa-vip-2208
b-usa-7292,cc-usa-1,r-usa-vip-6631
b-usa-9619,cc-usa-1,r-usa-i-4381
b-usa-4721,cc-usa-1,r-usa-vip-5109
b-usa-8085,cc-usa-1,r-usa-i-4571
b-usa-8499,cc-usa-2,r-usa-i-5495
b-usa-2555,cc-usa-1,r-usa-i-7492
b-usa-8231,cc-usa-1,r-usa-i-1982
b-usa-0460,cc-usa-2,r-usa-i-2455
b-usa-4775,cc-usa-2,r-usa-vvip-6976
b-usa-3560,cc-usa-2,r-usa-i-2320
b-usa-9511,cc-usa-2,r-usa-vip-0642
b-usa-9908,cc-usa-2,r-usa-vvip-3697
b-usa-3393,cc-usa-1,r-usa-vip-6680
b-usa-2461,cc-usa-1,r-usa-vip-6684
b-usa-1045,cc-usa-1,r-usa-i-5442
b-usa-1855,cc-usa-2,r-usa-i-4082
b-usa-2504,cc-usa-1,r-usa-vip-3142
b-usa-1312,cc-usa-1,r-usa-vvip-6343
b-usa-7800,cc-usa-1,r-usa-i-6253
b-usa-1784,cc-usa-1,r-usa-vvip-2374
b-usa-7956,cc-usa-1,r-usa-vvip-3873
b-usa-0701,cc-usa-1,r-usa-i-8568
b-usa-2623,cc-usa-1,r-usa-vip-7224
b-usa-3079,cc-usa-1,r-usa-vip-1241
b-usa-3412,cc-usa-2,r-usa-i-3667
b-usa-0476,cc-usa-2,r-usa-vvip-3368
b-usa-3387,cc-usa-1,r-usa-vip-4665
b-usa-0475,cc-usa-1,r-usa-i-0118
b-usa-6031,cc-usa-1,r-usa-vip-0364
b-usa-4430,cc-usa-2,r-usa-vip-7948
b-usa-6851,cc-usa-2,r-usa-vvip-1804
b-usa-5306,cc-usa-2,r-usa-i-2851
b-usa-2495,cc-usa-1,r-usa-vvip-7275
b-usa-8756,cc-usa-2,r-usa-vvip-6837
b-usa-2648,cc-usa-2,r-usa-vvip-8438
b-usa-2050,cc-usa-1,r-usa-vvip-7541
b-usa-4033,cc-usa-1,r-usa-vip-4964
b-usa-9779,cc-usa-1,r-usa-vip-0783
b-usa-7071,cc-usa-1,r-usa-vip-6830
b-usa-6154,cc-usa-2,r-usa-i-1485
b-usa-3600,cc-usa-2,r-usa-vvip-7668
b-usa-2687,cc-usa-2,r-usa-i-6740
b-usa-5980,cc-usa-2,r-usa-vip-3829
b-usa-2060,cc-usa-2,r-usa-vip-5574
b-usa-1889,cc-usa-2,r-usa-i-9668
b-usa-3162,cc-usa-2,r-usa-vip-8838
b-usa-3740,cc-usa-2,r-usa-vip-9893
b-usa-2373,cc-usa-2,r-usa-vip-9811
b-usa-6119,cc-usa-2,r-usa-i-8705
b-usa-2901,cc-usa-1,r-usa-i-0119
b-usa-0393,cc-usa-2,r-usa-i-5091
b-usa-8641,cc-usa-2,r-usa-i-9593
b-usa-0008,cc-usa-1,r-usa-vip-4719
b-usa-3588,cc-usa-1,r-usa-vip-7108
b-usa-5104,cc-usa-1,r-usa-vip-1714
b-usa-2391,cc-usa-1,r-usa-vvip-6156
b-usa-9083,cc-usa-1,r-usa-vvip-3276
b-usa-0307,cc-usa-1,r-usa-vip-6681
b-usa-3027,cc-usa-1,r-usa-i-6939
b-usa-1036,cc-usa-1,r-usa-vip-7793
b-usa-8006,cc-usa-2,r-usa-vvip-7863
b-usa-4377,cc-usa-1,r-usa-vip-8290
b-usa-3062,cc-usa-2,r-usa-vip-2965
b-usa-1421,cc-usa-2,r-usa-i-5992
b-usa-5298,cc-usa-1,r-usa-vvip-5487
b-usa-5471,cc-usa-2,r-usa-vip-3293
b-usa-7368,cc-usa-1,r-usa-i-6934
b-usa-1768,cc-usa-2,r-usa-vvip-6405
b-usa-3616,cc-usa-2,r-usa-vvip-5770
b-usa-9704,cc-usa-2,r-usa-i-9837
b-usa-1571,cc-usa-1,r-usa-vvip-2335
b-usa-2150,cc-usa-1,r-usa-i-6740
b-usa-8214,cc-usa-2,r-usa-i-2319
b-usa-2415,cc-usa-2,r-usa-i-8494
b-usa-3562,cc-usa-2,r-usa-vvip-1965
b-usa-8143,cc-usa-2,r-usa-i-5305
b-usa-8449,cc-usa-1,r-usa-vvip-7491
b-usa-7563,cc-usa-1,r-usa-vip-9494
b-usa-3306,cc-usa-1,r-usa-vvip-1018
b-usa-0686,cc-usa-1,r-usa-i-8934
b-usa-7426,cc-usa-2,r-usa-vvip-2956
b-usa-9353,cc-usa-2,r-usa-i-3621
b-usa-4478,cc-usa-2,r-usa-i-0788
b-usa-4382,cc-usa-2,r-usa-i-8124
b-usa-0532,cc-usa-1,r-usa-vvip-2909
b-usa-7352,cc-usa-1,r-usa-vip-9431
b-usa-3210,cc-usa-1,r-usa-i-8625
b-usa-2810,cc-usa-1,r-usa-vvip-4284
b-usa-2968,cc-usa-2,r-usa-vip-7034
b-usa-3007,cc-usa-1,r-usa-vip-8522
b-usa-1548,cc-usa-1,r-usa-i-4040
b-usa-2192,cc-usa-2,r-usa-vvip-2168
b-usa-1848,cc-usa-1,r-usa-vvip-7463
b-usa-6659,cc-usa-2,r-usa-vip-5828
b-usa-3420,cc-usa-2,r-usa-vip-7671
b-usa-2079,cc-usa-2,r-usa-i-3691
b-usa-5364,cc-usa-1,r-usa-vvip-5099
b-usa-3396,cc-usa-2,r-usa-vvip-0295
b-usa-1635,cc-usa-1,r-usa-i-5811
b-usa-4155,cc-usa-1,r-usa-vvip-9629
b-usa-6844,cc-usa-1,r-usa-vip-7060
b-usa-2280,cc-usa-1,r-usa-vvip-5555
b-usa-0674,cc-usa-1,r-usa-vip-1527
b-usa-1043,cc-usa-1,r-usa-i-1367
b-usa-5302,cc-usa-1,r-usa-vip-9673
b-usa-5342,cc-usa-1,r-usa-vip-9226
b-usa-1512,cc-usa-2,r-usa-vvip-9699
b-usa-2757,cc-usa-1,r-usa-vvip-0324
b-usa-6182,cc-usa-2,r-usa-vip-6997
b-usa-6267,cc-usa-2,r-usa-vip-5209
b-usa-8099,cc-usa-1,r-usa-vvip-5574
b-usa-3868,cc-usa-1,r-usa-vvip-9083
b-usa-1448,cc-usa-1,r-usa-i-1181
b-usa-3377,cc-usa-2,r-usa-vip-7447
b-usa-1958,cc-usa-1,r-usa-vip-0400
b-usa-2243,cc-usa-1,r-usa-i-5075
b-usa-7748,cc-usa-2,r-usa-vvip-2410
b-usa-3518,cc-usa-1,r-usa-vvip-2144
b-usa-7542,cc-usa-1,r-usa-i-0739
b-usa-5305,cc-usa-1,r-usa-vip-6512
b-usa-7410,cc-usa-1,r-usa-vvip-8413
b-usa-3228,cc-usa-1,r-usa-vip-4660
b-usa-9586,cc-usa-1,r-usa-vip-1359
b-usa-0887,cc-usa-2,r-usa-vvip-0977
b-usa-0866,cc-usa-2,r-usa-vvip-6701
b-usa-8379,cc-usa-2,r-usa-vip-7797
b-usa-6382,cc-usa-1,r-usa-vvip-8915
b-usa-8108,cc-usa-2,r-usa-i-7096
b-usa-5422,cc-usa-2,r-usa-vvip-3006
b-usa-0652,cc-usa-2,r-usa-i-8839
b-usa-4475,cc-usa-1,r-usa-i-3221
b-usa-1824,cc-usa-2,r-usa-vip-7659
b-usa-9465,cc-usa-1,r-usa-vip-9928
b-usa-3496,cc-usa-1,r-usa-vip-4288
b-usa-9347,cc-usa-2,r-usa-vip-6965
b-usa-3789,cc-usa-2,r-usa-i-2445
b-usa-0055,cc-usa-1,r-usa-vvip-7559
b-usa-4318,cc-usa-1,r-usa-vvip-4215
b-usa-9719,cc-usa-2,r-usa-vvip-7965
b-usa-7869,cc-usa-1,r-usa-i-0962
b-usa-5683,cc-usa-2,r-usa-i-6583
b-usa-2121,cc-usa-1,r-usa-vvip-8426
b-usa-6054,cc-usa-2,r-usa-i-0983
b-usa-0079,cc-usa-2,r-usa-vvip-5850
b-usa-4906,cc-usa-1,r-usa-i-2862
b-usa-4619,cc-usa-1,r-usa-vip-4447
b-usa-9809,cc-usa-2,r-usa-vvip-1291
b-usa-2087,cc-usa-2,r-usa-i-9829
b-usa-0022,cc-usa-2,r-usa-vvip-7776
b-usa-0712,cc-usa-1,r-usa-i-0031
b-usa-1163,cc-usa-1,r-usa-vip-9671
b-usa-4554,cc-usa-1,r-usa-vip-6221
b-usa-5448,cc-usa-1,r-usa-vip-8225
b-usa-4399,cc-usa-2,r-usa-vip-7363
b-usa-5829,cc-usa-1,r-usa-vip-2707
b-usa-3735,cc-usa-1,r-usa-vip-8096
b-usa-8821,cc-usa-2,r-usa-vip-0071
b-usa-5798,cc-usa-1,r-usa-i-5988
b-usa-0209,cc-usa-1,r-usa-vvip-6778
b-usa-1884,cc-usa-1,r-usa-i-7924
b-usa-5155,cc-usa-1,r-usa-vip-2978
b-usa-8532,cc-usa-2,r-usa-vvip-4855
b-usa-0913,cc-usa-2,r-usa-vip-4391
b-usa-1069,cc-usa-2,r-usa-i-8468
b-usa-8839,cc-usa-1,r-usa-i-5008
b-usa-1308,cc-usa-1,r-usa-i-7077
b-usa-3130,cc-usa-1,r-usa-vip-7633
b-usa-1184,cc-usa-1,r-usa-vip-3654
b-usa-2092,cc-usa-2,r-usa-i-6916
b-usa-5481,cc-usa-2,r-usa-vip-1865
b-usa-3261,cc-usa-2,r-usa-ii-2588
b-usa-7178,cc-usa-2,r-usa-ii-2588
b-usa-9616,cc-usa-2,r-usa-ii-9860
b-usa-3731,cc-usa-2,r-usa-ii-9860
b-usa-2315,cc-usa-2,r-usa-ii-3645
b-usa-0137,cc-usa-2,r-usa-ii-3645
b-usa-2652,cc-usa-1,r-usa-ii-6611
b-usa-7300,cc-usa-1,r-usa-ii-6611
b-usa-0389,cc-usa-2,r-usa-ii-4929
b-usa-7315,cc-usa-2,r-usa-ii-4929
b-usa-4429,cc-usa-1,r-usa-ii-6566
b-usa-5141,cc-usa-1,r-usa-ii-6566
b-usa-2071,cc-usa-1,r-usa-ii-6774
b-usa-0168,cc-usa-1,r-usa-ii-6774
b-usa-8805,cc-usa-2,r-usa-ii-4973
b-usa-1555,cc-usa-2,r-usa-ii-4973
b-usa-8312,cc-usa-1,r-usa-ii-9543
b-usa-4348,cc-usa-1,r-usa-ii-9543
b-usa-5028,cc-usa-2,r-usa-ii-8275
b-usa-6028,cc-usa-2,r-usa-ii-8275
b-usa-0221,cc-usa-1,r-usa-ii-9091
b-usa-1844,cc-usa-1,r-usa-ii-9091
b-usa-7715,cc-usa-2,r-usa-ii-6371
b-usa-8665,cc-usa-2,r-usa-ii-6371
b-usa-7626,cc-usa-2,r-usa-ii-5857
b-usa-5307,cc-usa-2,r-usa-ii-5857
b-usa-0609,cc-usa-2,r-usa-ii-1911
b-usa-7074,cc-usa-2,r-usa-ii-1911
b-usa-8602,cc-usa-1,r-usa-ii-3375
b-usa-4875,cc-usa-1,r-usa-ii-3375
b-usa-8993,cc-usa-1,r-usa-ii-2534
b-usa-1396,cc-usa-1,r-usa-ii-2534
b-usa-3525,cc-usa-2,r-usa-ii-3419
b-usa-8303,cc-usa-2,r-usa-ii-3419
b-usa-5817,cc-usa-1,r-usa-ii-0844
b-usa-4435,cc-usa-1,r-usa-ii-0844
b-usa-4838,cc-usa-2,r-usa-ii-7226
b-usa-9614,cc-usa-2,r-usa-ii-7226
b-usa-6676,cc-usa-1,r-usa-ii-8640
b-usa-2830,cc-usa-1,r-usa-ii-8640
b-usa-3338,cc-usa-1,r-usa-ii-2821
b-usa-9735,cc-usa-1,r-usa-ii-2821
b-usa-7766,cc-usa-1,r-usa-ii-2876
b-usa-7279,cc-usa-1,r-usa-ii-2876
b-usa-8692,cc-usa-1,r-usa-ii-6844
b-usa-7398,cc-usa-1,r-usa-ii-6844
b-usa-8216,cc-usa-1,r-usa-ii-5423
b-usa-0848,cc-usa-1,r-usa-ii-5423
b-usa-5207,cc-usa-2,r-usa-ii-2913
b-usa-4669,cc-usa-2,r-usa-ii-2913
b-usa-6835,cc-usa-2,r-usa-ii-7873
b-usa-7551,cc-usa-2,r-usa-ii-7873
b-usa-4822,cc-usa-1,r-usa-ii-2785
b-usa-2100,cc-usa-1,r-usa-ii-2785
b-usa-3643,cc-usa-2,r-usa-ii-0422
b-usa-1314,cc-usa-2,r-usa-ii-0422
b-usa-8769,cc-usa-1,r-usa-ii-0857
b-usa-6804,cc-usa-1,r-usa-ii-0857
b-usa-7718,cc-usa-1,r-usa-ii-8912
b-usa-5201,cc-usa-1,r-usa-ii-8912
b-usa-5280,cc-usa-2,r-usa-ii-1424
b-usa-3643,cc-usa-2,r-usa-ii-1424
b-usa-1885,cc-usa-2,r-usa-ii-0897
b-usa-7141,cc-usa-2,r-usa-ii-0897
b-usa-3024,cc-usa-2,r-usa-ii-8413
b-usa-5927,cc-usa-2,r-usa-ii-8413
b-usa-4326,cc-usa-1,r-usa-ii-0590
b-usa-1987,cc-usa-1,r-usa-ii-0590
b-usa-5683,cc-usa-2,r-usa-ii-1137
b-usa-6697,cc-usa-2,r-usa-ii-1137
b-usa-4335,cc-usa-2,r-usa-ii-0148
b-usa-9726,cc-usa-2,r-usa-ii-0148
b-usa-6664,cc-usa-2,r-usa-ii-8545
b-usa-8754,cc-usa-2,r-usa-ii-8545
b-usa-6327,cc-usa-2,r-usa-ii-2731
b-usa-0125,cc-usa-2,r-usa-ii-2731
b-usa-0779,cc-usa-1,r-usa-ii-4531
b-usa-0342,cc-usa-1,r-usa-ii-4531
b-usa-1374,cc-usa-1,r-usa-ii-5621
b-usa-4615,cc-usa-1,r-usa-ii-5621
b-usa-0619,cc-usa-2,r-usa-ii-2423
b-usa-0954,cc-usa-2,r-usa-ii-2423
b-usa-6447,cc-usa-1,r-usa-ii-7464
b-usa-0988,cc-usa-1,r-usa-ii-7464
b-usa-4647,cc-usa-2,r-usa-ii-9727
b-usa-3388,cc-usa-2,r-usa-ii-9727
b-usa-5151,cc-usa-2,r-usa-ii-1613
b-usa-6393,cc-usa-2,r-usa-ii-1613
b-usa-2949,cc-usa-2,r-usa-ii-0876
b-usa-7539,cc-usa-2,r-usa-ii-0876
b-usa-6935,cc-usa-2,r-usa-ii-7789
b-usa-7079,cc-usa-2,r-usa-ii-7789
b-usa-4598,cc-usa-1,r-usa-ii-2004
b-usa-7151,cc-usa-1,r-usa-ii-2004
b-usa-4571,cc-usa-2,r-usa-ii-5329
b-usa-9677,cc-usa-2,r-usa-ii-5329
b-usa-6374,cc-usa-1,r-usa-ii-3088
b-usa-1656,cc-usa-1,r-usa-ii-3088
b-usa-4192,cc-usa-2,r-usa-ii-1360
b-usa-6637,cc-usa-2,r-usa-ii-1360
b-usa-3407,cc-usa-1,r-usa-ii-3979
b-usa-4744,cc-usa-1,r-usa-ii-3979
b-usa-1887,cc-usa-1,r-usa-ii-7773
b-usa-4769,cc-usa-1,r-usa-ii-7773
b-usa-0182,cc-usa-2,r-usa-ii-5423
b-usa-1748,cc-usa-2,r-usa-ii-5423
b-usa-1726,cc-usa-2,r-usa-ii-1866
b-usa-4482,cc-usa-2,r-usa-ii-1866
b-usa-0150,cc-usa-2,r-usa-ii-8287
b-usa-9547,cc-usa-2,r-usa-ii-8287
b-usa-0351,cc-usa-1,r-usa-ii-1775
b-usa-0545,cc-usa-1,r-usa-ii-1775
b-usa-8771,cc-usa-2,r-usa-ii-1240
b-usa-6978,cc-usa-2,r-usa-ii-1240
b-usa-0087,cc-usa-2,r-usa-ii-3039
b-usa-9846,cc-usa-2,r-usa-ii-3039
b-usa-1164,cc-usa-1,r-usa-ii-7456
b-usa-0144,cc-usa-1,r-usa-ii-7456
b-usa-1514,cc-usa-1,r-usa-ii-7486
b-usa-0853,cc-usa-1,r-usa-ii-7486
b-usa-2861,cc-usa-1,r-usa-ii-8072
b-usa-2434,cc-usa-1,r-usa-ii-8072
b-usa-4131,cc-usa-2,r-usa-ii-7585
b-usa-7075,cc-usa-2,r-usa-ii-7585
b-usa-1107,cc-usa-1,r-usa-ii-3810
b-usa-6431,cc-usa-1,r-usa-ii-3810
b-usa-2457,cc-usa-2,r-usa-ii-7759
b-usa-0603,cc-usa-2,r-usa-ii-7759
b-usa-4653,cc-usa-2,r-usa-ii-6186
b-usa-3604,cc-usa-2,r-usa-ii-6186
b-usa-7467,cc-usa-2,r-usa-ii-6970
b-usa-7910,cc-usa-2,r-usa-ii-6970
b-usa-0125,cc-usa-1,r-usa-ii-5709
b-usa-5255,cc-usa-1,r-usa-ii-5709
b-usa-7217,cc-usa-2,r-usa-ii-1657
b-usa-9032,cc-usa-2,r-usa-ii-1657
b-usa-7133,cc-usa-1,r-usa-ii-4304
b-usa-5243,cc-usa-1,r-usa-ii-4304
b-usa-4466,cc-usa-1,r-usa-ii-1245
b-usa-6644,cc-usa-1,r-usa-ii-1245
b-usa-0236,cc-usa-2,r-usa-ii-3729
b-usa-5596,cc-usa-2,r-usa-ii-3729
b-usa-9502,cc-usa-1,r-usa-ii-6140
b-usa-7050,cc-usa-1,r-usa-ii-6140
b-usa-9300,cc-usa-2,r-usa-ii-1874
b-usa-9240,cc-usa-2,r-usa-ii-1874
b-usa-6644,cc-usa-1,r-usa-ii-6743
b-usa-4743,cc-usa-1,r-usa-ii-6743
b-usa-3468,cc-usa-2,r-usa-ii-4393
b-usa-0996,cc-usa-2,r-usa-ii-4393
b-usa-5619,cc-usa-2,r-usa-ii-4532
b-usa-9822,cc-usa-2,r-usa-ii-4532
b-usa-6643,cc-usa-1,r-usa-ii-1954
b-usa-0398,cc-usa-1,r-usa-ii-1954
b-usa-8728,cc-usa-1,r-usa-ii-8147
b-usa-2294,cc-usa-1,r-usa-ii-8147
b-usa-1238,cc-usa-1,r-usa-ii-4153
b-usa-2744,cc-usa-1,r-usa-ii-4153
b-usa-6478,cc-usa-1,r-usa-ii-0985
b-usa-1144,cc-usa-1,r-usa-ii-0985
b-usa-3916,cc-usa-1,r-usa-ii-6573
b-usa-7688,cc-usa-1,r-usa-ii-6573
b-usa-8552,cc-usa-2,r-usa-ii-5674
b-usa-1436,cc-usa-2,r-usa-ii-5674
b-usa-4754,cc-usa-2,r-usa-ii-2399
b-usa-5284,cc-usa-2,r-usa-ii-2399
b-usa-5000,cc-usa-2,r-usa-ii-0315
b-usa-0891,cc-usa-2,r-usa-ii-0315
b-usa-7324,cc-usa-2,r-usa-ii-8666
b-usa-3493,cc-usa-2,r-usa-ii-8666
b-usa-4000,cc-usa-1,r-usa-ii-6224
b-usa-9847,cc-usa-1,r-usa-ii-6224
b-usa-1872,cc-usa-1,r-usa-ii-4056
b-usa-4896,cc-usa-1,r-usa-ii-4056
b-usa-4259,cc-usa-2,r-usa-ii-7012
b-usa-5662,cc-usa-2,r-usa-ii-7012
b-usa-6290,cc-usa-1,r-usa-ii-8035
b-usa-7437,cc-usa-1,r-usa-ii-8035
b-usa-9211,cc-usa-2,r-usa-ii-5248
b-usa-0700,cc-usa-2,r-usa-ii-5248
b-usa-4217,cc-usa-1,r-usa-ii-4326
b-usa-3582,cc-usa-1,r-usa-ii-4326
b-usa-0405,cc-usa-1,r-usa-ii-3850
b-usa-4561,cc-usa-1,r-usa-ii-3850
b-usa-7899,cc-usa-2,r-usa-ii-4168
b-usa-3405,cc-usa-2,r-usa-ii-4168
b-usa-8763,cc-usa-1,r-usa-ii-3203
b-usa-5232,cc-usa-1,r-usa-ii-3203
b-usa-5668,cc-usa-1,r-usa-ii-2597
b-usa-4060,cc-usa-1,r-usa-ii-2597
b-usa-6286,cc-usa-2,r-usa-ii-1094
b-usa-7559,cc-usa-2,r-usa-ii-1094
b-usa-3404,cc-usa-2,r-usa-ii-6878
b-usa-0765,cc-usa-2,r-usa-ii-6878
b-usa-6423,cc-usa-1,r-usa-ii-6513
b-usa-9553,cc-usa-1,r-usa-ii-6513
b-usa-2891,cc-usa-1,r-usa-ii-8077
b-usa-6790,cc-usa-1,r-usa-ii-8077
b-usa-8320,cc-usa-1,r-usa-ii-8806
b-usa-9985,cc-usa-1,r-usa-ii-8806
b-usa-9264,cc-usa-1,r-usa-ii-9320
b-usa-5729,cc-usa-1,r-usa-ii-9320
b-usa-6999,cc-usa-1,r-usa-ii-1815
b-usa-7276,cc-usa-1,r-usa-ii-1815
b-usa-2396,cc-usa-2,r-usa-ii-9504
b-usa-3332,cc-usa-2,r-usa-ii-9504
b-usa-7899,cc-usa-2,r-usa-ii-6012
b-usa-3159,cc-usa-2,r-usa-ii-6012
b-usa-6396,cc-usa-2,r-usa-ii-6784
b-usa-3680,cc-usa-2,r-usa-ii-6784
b-usa-8071,cc-usa-1,r-usa-ii-4307
b-usa-7709,cc-usa-1,r-usa-ii-4307
b-usa-4409,cc-usa-1,r-usa-ii-5060
b-usa-7665,cc-usa-1,r-usa-ii-5060
b-usa-3019,cc-usa-1,r-usa-ii-3998
b-usa-1317,cc-usa-1,r-usa-ii-3998
b-usa-2557,cc-usa-2,r-usa-ii-1667
b-usa-7502,cc-usa-2,r-usa-ii-1667
b-usa-2761,cc-usa-2,r-usa-ii-4331
b-usa-2436,cc-usa-2,r-usa-ii-4331
b-usa-7836,cc-usa-1,r-usa-ii-9018
b-usa-3427,cc-usa-1,r-usa-ii-9018
b-usa-1722,cc-usa-1,r-usa-ii-7211
b-usa-2080,cc-usa-1,r-usa-ii-7211
b-usa-5555,cc-usa-1,r-usa-ii-0176
b-usa-2777,cc-usa-1,r-usa-ii-0176
b-usa-7139,cc-usa-1,r-usa-ii-0172
b-usa-9242,cc-usa-1,r-usa-ii-0172
b-usa-2250,cc-usa-1,r-usa-ii-2961
b-usa-8076,cc-usa-1,r-usa-ii-2961
b-usa-1800,cc-usa-1,r-usa-ii-1925
b-usa-9312,cc-usa-1,r-usa-ii-1925
b-usa-8981,cc-usa-2,r-usa-ii-0937
b-usa-4371,cc-usa-2,r-usa-ii-0937
b-usa-6053,cc-usa-1,r-usa-ii-1649
b-usa-1951,cc-usa-1,r-usa-ii-1649
b-usa-9071,cc-usa-2,r-usa-ii-9369
b-usa-8130,cc-usa-2,r-usa-ii-9369
b-usa-7503,cc-usa-1,r-usa-ii-0853
b-usa-9355,cc-usa-1,r-usa-ii-0853
b-usa-5160,cc-usa-2,r-usa-ii-0606
b-usa-4563,cc-usa-2,r-usa-ii-0606
b-usa-5445,cc-usa-1,r-usa-ii-5846
b-usa-9455,cc-usa-1,r-usa-ii-5846
b-usa-1628,cc-usa-2,r-usa-ii-5337
b-usa-7205,cc-usa-2,r-usa-ii-5337
b-usa-8595,cc-usa-1,r-usa-ii-8807
b-usa-9363,cc-usa-1,r-usa-ii-8807
b-usa-7799,cc-usa-2,r-usa-ii-6028
b-usa-7363,cc-usa-2,r-usa-ii-6028
b-usa-1335,cc-usa-2,r-usa-ii-2360
b-usa-8795,cc-usa-2,r-usa-ii-2360
b-usa-0756,cc-usa-1,r-usa-ii-4429
b-usa-5736,cc-usa-1,r-usa-ii-4429
b-usa-2716,cc-usa-2,r-usa-ii-9033
b-usa-3701,cc-usa-2,r-usa-ii-9033
b-usa-4854,cc-usa-2,r-usa-ii-4462
b-usa-3158,cc-usa-2,r-usa-ii-4462
b-usa-4928,cc-usa-2,r-usa-ii-8331
b-usa-5261,cc-usa-2,r-usa-ii-8331
b-usa-2126,cc-usa-1,r-usa-ii-6359
b-usa-7803,cc-usa-1,r-usa-ii-6359
b-usa-4125,cc-usa-2,r-usa-ii-1618
b-usa-9496,cc-usa-2,r-usa-ii-1618
b-usa-5924,cc-usa-1,r-usa-ii-5367
b-usa-1241,cc-usa-1,r-usa-ii-5367
b-usa-9305,cc-usa-1,r-usa-ii-5013
b-usa-1074,cc-usa-1,r-usa-ii-5013
b-usa-6049,cc-usa-1,r-usa-ii-9570
b-usa-2944,cc-usa-1,r-usa-ii-9570
b-usa-4008,cc-usa-2,r-usa-ii-6228
b-usa-7517,cc-usa-2,r-usa-ii-6228
b-usa-2971,cc-usa-1,r-usa-ii-0552
b-usa-8752,cc-usa-1,r-usa-ii-0552
b-usa-9594,cc-usa-1,r-usa-ii-6591
b-usa-4700,cc-usa-1,r-usa-ii-6591
b-usa-7033,cc-usa-1,r-usa-ii-6883
b-usa-0080,cc-usa-1,r-usa-ii-6883
b-usa-8409,cc-usa-1,r-usa-ii-3452
b-usa-8822,cc-usa-1,r-usa-ii-3452
b-usa-3503,cc-usa-1,r-usa-ii-9939
b-usa-2002,cc-usa-1,r-usa-ii-9939
b-usa-9752,cc-usa-2,r-usa-ii-1818
b-usa-4719,cc-usa-2,r-usa-ii-1818
b-usa-0923,cc-usa-1,r-usa-ii-9506
b-usa-5106,cc-usa-1,r-usa-ii-9506
b-usa-7344,cc-usa-1,r-usa-ii-7445
b-usa-1498,cc-usa-1,r-usa-ii-7445
b-usa-5034,cc-usa-2,r-usa-ii-4327
b-usa-9644,cc-usa-2,r-usa-ii-4327
b-usa-4751,cc-usa-2,r-usa-ii-7241
b-usa-2704,cc-usa-2,r-usa-ii-7241
b-usa-6563,cc-usa-1,r-usa-ii-0028
b-usa-4440,cc-usa-1,r-usa-ii-0028
b-usa-1089,cc-usa-2,r-usa-ii-9508
b-usa-0039,cc-usa-2,r-usa-ii-9508
b-usa-2549,cc-usa-1,r-usa-ii-2716
b-usa-1565,cc-usa-1,r-usa-ii-2716
b-usa-8047,cc-usa-2,r-usa-ii-3659
b-usa-0968,cc-usa-2,r-usa-ii-3659
b-usa-0200,cc-usa-1,r-usa-ii-0732
b-usa-7751,cc-usa-1,r-usa-ii-0732
b-usa-5687,cc-usa-1,r-usa-ii-4543
b-usa-9058,cc-usa-1,r-usa-ii-4543
b-usa-7954,cc-usa-1,r-usa-ii-7600
b-usa-1619,cc-usa-1,r-usa-ii-7600
b-usa-4914,cc-usa-2,r-usa-ii-4121
b-usa-5665,cc-usa-2,r-usa-ii-4121
b-usa-1060,cc-usa-1,r-usa-ii-6303
b-usa-6460,cc-usa-1,r-usa-ii-6303
b-usa-5566,cc-usa-1,r-usa-ii-0015
b-usa-4888,cc-usa-1,r-usa-ii-0015
b-usa-6461,cc-usa-1,r-usa-ii-5081
b-usa-2195,cc-usa-1,r-usa-ii-5081
b-usa-1283,cc-usa-1,r-usa-ii-7705
b-usa-0240,cc-usa-1,r-usa-ii-7705
b-usa-3116,cc-usa-1,r-usa-ii-3837
b-usa-5959,cc-usa-1,r-usa-ii-3837
b-usa-8358,cc-usa-2,r-usa-ii-4528
b-usa-4990,cc-usa-2,r-usa-ii-4528
b-usa-5039,cc-usa-2,r-usa-ii-8902
b-usa-3374,cc-usa-2,r-usa-ii-8902
b-usa-3662,cc-usa-1,r-usa-ii-8186
b-usa-0586,cc-usa-1,r-usa-ii-8186
b-usa-9937,cc-usa-1,r-usa-ii-3160
b-usa-4312,cc-usa-1,r-usa-ii-3160
b-usa-2375,cc-usa-1,r-usa-ii-4171
b-usa-0459,cc-usa-1,r-usa-ii-4171
b-usa-3995,cc-usa-1,r-usa-ii-5686
b-usa-7942,cc-usa-1,r-usa-ii-5686
b-usa-3186,cc-usa-1,r-usa-ii-3228
b-usa-0880,cc-usa-1,r-usa-ii-3228
b-usa-9929,cc-usa-2,r-usa-ii-2533
b-usa-3730,cc-usa-2,r-usa-ii-2533
b-usa-6137,cc-usa-2,r-usa-ii-3098
b-usa-2823,cc-usa-2,r-usa-ii-3098
b-usa-0241,cc-usa-2,r-usa-ii-6756
b-usa-1935,cc-usa-2,r-usa-ii-6756
b-usa-6832,cc-usa-2,r-usa-ii-1142
b-usa-6754,cc-usa-2,r-usa-ii-1142
b-usa-0109,cc-usa-2,r-usa-ii-7642
b-usa-2000,cc-usa-2,r-usa-ii-7642
b-usa-0682,cc-usa-2,r-usa-ii-1708
b-usa-3057,cc-usa-2,r-usa-ii-1708
b-usa-7604,cc-usa-1,r-usa-ii-8109
b-usa-5029,cc-usa-1,r-usa-ii-8109
b-usa-0316,cc-usa-2,r-usa-ii-3360
b-usa-0965,cc-usa-2,r-usa-ii-3360
b-usa-8254,cc-usa-2,r-usa-ii-0223
b-usa-7023,cc-usa-2,r-usa-ii-0223
b-usa-9844,cc-usa-1,r-usa-ii-8214
b-usa-1739,cc-usa-1,r-usa-ii-8214
b-usa-8207,cc-usa-2,r-usa-ii-2981
b-usa-0845,cc-usa-2,r-usa-ii-2981
b-usa-8978,cc-usa-2,r-usa-ii-0744
b-usa-8115,cc-usa-2,r-usa-ii-0744
b-usa-6973,cc-usa-2,r-usa-ii-3211
b-usa-3915,cc-usa-2,r-usa-ii-3211
b-usa-3048,cc-usa-1,r-usa-ii-9094
b-usa-5161,cc-usa-1,r-usa-ii-9094
b-usa-1490,cc-usa-1,r-usa-ii-8815
b-usa-5101,cc-usa-1,r-usa-ii-8815
b-usa-6336,cc-usa-1,r-usa-ii-8531
b-usa-1246,cc-usa-1,r-usa-ii-8531
b-usa-2515,cc-usa-1,r-usa-ii-6155
b-usa-7273,cc-usa-1,r-usa-ii-6155
b-usa-2189,cc-usa-2,r-usa-ii-2927
b-usa-7113,cc-usa-2,r-usa-ii-2927
b-usa-7168,cc-usa-1,r-usa-ii-4811
b-usa-4235,cc-usa-1,r-usa-ii-4811
b-usa-6557,cc-usa-2,r-usa-ii-5348
b-usa-2516,cc-usa-2,r-usa-ii-5348
b-usa-4152,cc-usa-1,r-usa-ii-1798
b-usa-4779,cc-usa-1,r-usa-ii-1798
b-usa-1208,cc-usa-1,r-usa-ii-3009
b-usa-1535,cc-usa-1,r-usa-ii-3009
b-usa-3273,cc-usa-1,r-usa-ii-8835
b-usa-3206,cc-usa-1,r-usa-ii-8835
b-usa-7809,cc-usa-2,r-usa-ii-3845
b-usa-5380,cc-usa-2,r-usa-ii-3845
b-usa-8396,cc-usa-2,r-usa-ii-8872
b-usa-3267,cc-usa-2,r-usa-ii-8872
b-usa-8612,cc-usa-1,r-usa-ii-9686
b-usa-1590,cc-usa-1,r-usa-ii-9686
b-usa-6604,cc-usa-1,r-usa-ii-2981
b-usa-7620,cc-usa-1,r-usa-ii-2981
b-usa-3588,cc-usa-1,r-usa-ii-9147
b-usa-4105,cc-usa-1,r-usa-ii-9147
b-usa-8196,cc-usa-1,r-usa-ii-3058
b-usa-2810,cc-usa-1,r-usa-ii-3058
b-usa-2766,cc-usa-1,r-usa-ii-7250
b-usa-7814,cc-usa-1,r-usa-ii-7250
b-usa-5860,cc-usa-1,r-usa-ii-9159
b-usa-3759,cc-usa-1,r-usa-ii-9159
b-usa-5527,cc-usa-1,r-usa-ii-6885
b-usa-2207,cc-usa-1,r-usa-ii-6885
b-usa-7316,cc-usa-2,r-usa-ii-9190
b-usa-7016,cc-usa-2,r-usa-ii-9190
b-usa-3067,cc-usa-2,r-usa-ii-6016
b-usa-4029,cc-usa-2,r-usa-ii-6016
b-usa-7763,cc-usa-1,r-usa-ii-7976
b-usa-7373,cc-usa-1,r-usa-ii-7976
b-usa-1666,cc-usa-1,r-usa-iii-6462
b-usa-7350,cc-usa-1,r-usa-iii-6462
b-usa-5993,cc-usa-1,r-usa-iii-6462
b-usa-5986,cc-usa-1,r-usa-iii-4328
b-usa-6981,cc-usa-1,r-usa-iii-4328
b-usa-4516,cc-usa-1,r-usa-iii-4328
b-usa-9595,cc-usa-1,r-usa-iii-0015
b-usa-5140,cc-usa-1,r-usa-iii-0015
b-usa-9100,cc-usa-1,r-usa-iii-0015
b-usa-7169,cc-usa-1,r-usa-iii-0177
b-usa-2366,cc-usa-1,r-usa-iii-0177
b-usa-6736,cc-usa-1,r-usa-iii-0177
b-usa-5387,cc-usa-1,r-usa-iii-2832
b-usa-0885,cc-usa-1,r-usa-iii-2832
b-usa-7603,cc-usa-1,r-usa-iii-2832
b-usa-6090,cc-usa-1,r-usa-iii-1501
b-usa-4921,cc-usa-1,r-usa-iii-1501
b-usa-0471,cc-usa-1,r-usa-iii-1501
b-usa-6126,cc-usa-1,r-usa-iii-1598
b-usa-3962,cc-usa-1,r-usa-iii-1598
b-usa-1389,cc-usa-1,r-usa-iii-1598
b-usa-7058,cc-usa-1,r-usa-iii-3815
b-usa-7753,cc-usa-1,r-usa-iii-3815
b-usa-1153,cc-usa-1,r-usa-iii-3815
b-usa-4735,cc-usa-1,r-usa-iii-6542
b-usa-2881,cc-usa-1,r-usa-iii-6542
b-usa-0517,cc-usa-1,r-usa-iii-6542
b-usa-9210,cc-usa-2,r-usa-iii-4146
b-usa-8890,cc-usa-2,r-usa-iii-4146
b-usa-5485,cc-usa-2,r-usa-iii-4146
b-usa-0159,cc-usa-2,r-usa-iii-0526
b-usa-2771,cc-usa-2,r-usa-iii-0526
b-usa-3104,cc-usa-2,r-usa-iii-0526
b-usa-4610,cc-usa-2,r-usa-iii-4169
b-usa-5793,cc-usa-2,r-usa-iii-4169
b-usa-8882,cc-usa-2,r-usa-iii-4169
b-usa-2834,cc-usa-2,r-usa-iii-6428
b-usa-5730,cc-usa-2,r-usa-iii-6428
b-usa-5850,cc-usa-2,r-usa-iii-6428
b-usa-8886,cc-usa-2,r-usa-iii-3901
b-usa-0588,cc-usa-2,r-usa-iii-3901
b-usa-5251,cc-usa-2,r-usa-iii-3901
b-usa-9768,cc-usa-2,r-usa-iii-6346
b-usa-8053,cc-usa-2,r-usa-iii-6346
b-usa-6995,cc-usa-2,r-usa-iii-6346
b-usa-5058,cc-usa-1,r-usa-iii-3941
b-usa-4402,cc-usa-1,r-usa-iii-3941
b-usa-2524,cc-usa-1,r-usa-iii-3941
b-usa-5886,cc-usa-1,r-usa-iii-2001
b-usa-0337,cc-usa-1,r-usa-iii-2001
b-usa-4944,cc-usa-1,r-usa-iii-2001
b-usa-8107,cc-usa-1,r-usa-iii-3766
b-usa-1714,cc-usa-1,r-usa-iii-3766
b-usa-3176,cc-usa-1,r-usa-iii-3766
b-usa-8345,cc-usa-1,r-usa-iii-3139
b-usa-8797,cc-usa-1,r-usa-iii-3139
b-usa-4773,cc-usa-1,r-usa-iii-3139
b-usa-7664,cc-usa-2,r-usa-iii-7333
b-usa-8153,cc-usa-2,r-usa-iii-7333
b-usa-5354,cc-usa-2,r-usa-iii-7333
b-usa-2356,cc-usa-1,r-usa-iii-7314
b-usa-0280,cc-usa-1,r-usa-iii-7314
b-usa-9849,cc-usa-1,r-usa-iii-7314
b-usa-3296,cc-usa-1,r-usa-iii-8693
b-usa-3633,cc-usa-1,r-usa-iii-8693
b-usa-6441,cc-usa-1,r-usa-iii-8693
b-usa-0262,cc-usa-1,r-usa-iii-7905
b-usa-2690,cc-usa-1,r-usa-iii-7905
b-usa-9168,cc-usa-1,r-usa-iii-7905
b-usa-9135,cc-usa-1,r-usa-iii-0543
b-usa-0941,cc-usa-1,r-usa-iii-0543
b-usa-4670,cc-usa-1,r-usa-iii-0543
b-usa-6853,cc-usa-1,r-usa-iii-9231
b-usa-1361,cc-usa-1,r-usa-iii-9231
b-usa-0803,cc-usa-1,r-usa-iii-9231
b-usa-3303,cc-usa-1,r-usa-iii-4804
b-usa-9724,cc-usa-1,r-usa-iii-4804
b-usa-5391,cc-usa-1,r-usa-iii-4804
b-usa-1103,cc-usa-1,r-usa-iii-5230
b-usa-3249,cc-usa-1,r-usa-iii-5230
b-usa-1124,cc-usa-1,r-usa-iii-5230
b-usa-8159,cc-usa-2,r-usa-iii-7998
b-usa-9540,cc-usa-2,r-usa-iii-7998
b-usa-0690,cc-usa-2,r-usa-iii-7998
b-usa-1808,cc-usa-2,r-usa-iii-5705
b-usa-5592,cc-usa-2,r-usa-iii-5705
b-usa-3534,cc-usa-2,r-usa-iii-5705
b-usa-4763,cc-usa-2,r-usa-iii-4149
b-usa-4832,cc-usa-2,r-usa-iii-4149
b-usa-2014,cc-usa-2,r-usa-iii-4149
b-usa-1324,cc-usa-1,r-usa-iii-5970
b-usa-9611,cc-usa-1,r-usa-iii-5970
b-usa-0288,cc-usa-1,r-usa-iii-5970
b-usa-5297,cc-usa-1,r-usa-iii-4912
b-usa-3741,cc-usa-1,r-usa-iii-4912
b-usa-5224,cc-usa-1,r-usa-iii-4912
b-usa-2662,cc-usa-2,r-usa-iii-0667
b-usa-5330,cc-usa-2,r-usa-iii-0667
b-usa-4946,cc-usa-2,r-usa-iii-0667
b-usa-0261,cc-usa-2,r-usa-iii-6440
b-usa-9484,cc-usa-2,r-usa-iii-6440
b-usa-6903,cc-usa-2,r-usa-iii-6440
b-usa-7099,cc-usa-2,r-usa-iii-8962
b-usa-9411,cc-usa-2,r-usa-iii-8962
b-usa-3959,cc-usa-2,r-usa-iii-8962
b-usa-7254,cc-usa-2,r-usa-iii-4507
b-usa-2975,cc-usa-2,r-usa-iii-4507
b-usa-8311,cc-usa-2,r-usa-iii-4507
b-usa-6231,cc-usa-2,r-usa-iii-5275
b-usa-2973,cc-usa-2,r-usa-iii-5275
b-usa-6523,cc-usa-2,r-usa-iii-5275
b-usa-3437,cc-usa-2,r-usa-iii-7018
b-usa-7125,cc-usa-2,r-usa-iii-7018
b-usa-7991,cc-usa-2,r-usa-iii-7018
b-usa-6485,cc-usa-1,r-usa-iii-1139
b-usa-3809,cc-usa-1,r-usa-iii-1139
b-usa-9485,cc-usa-1,r-usa-iii-1139
b-usa-6009,cc-usa-2,r-usa-iii-8882
b-usa-7035,cc-usa-2,r-usa-iii-8882
b-usa-2720,cc-usa-2,r-usa-iii-8882
b-usa-2236,cc-usa-1,r-usa-iii-0081
b-usa-0505,cc-usa-1,r-usa-iii-0081
b-usa-9937,cc-usa-1,r-usa-iii-0081
b-usa-9474,cc-usa-1,r-usa-iii-0748
b-usa-2065,cc-usa-1,r-usa-iii-0748
b-usa-5665,cc-usa-1,r-usa-iii-0748
b-usa-9918,cc-usa-2,r-usa-iii-3945
b-usa-4303,cc-usa-2,r-usa-iii-3945
b-usa-3312,cc-usa-2,r-usa-iii-3945
b-usa-3502,cc-usa-1,r-usa-iii-1659
b-usa-5745,cc-usa-1,r-usa-iii-1659
b-usa-8255,cc-usa-1,r-usa-iii-1659
b-usa-3155,cc-usa-2,r-usa-iii-3921
b-usa-6413,cc-usa-2,r-usa-iii-3921
b-usa-3096,cc-usa-2,r-usa-iii-3921
b-usa-1215,cc-usa-1,r-usa-iii-6479
b-usa-1436,cc-usa-1,r-usa-iii-6479
b-usa-9647,cc-usa-1,r-usa-iii-6479
b-usa-1608,cc-usa-1,r-usa-iii-4039
b-usa-6993,cc-usa-1,r-usa-iii-4039
b-usa-3481,cc-usa-1,r-usa-iii-4039
b-usa-3985,cc-usa-2,r-usa-iii-0264
b-usa-7015,cc-usa-2,r-usa-iii-0264
b-usa-2085,cc-usa-2,r-usa-iii-0264
b-usa-5459,cc-usa-2,r-usa-iii-9078
b-usa-7625,cc-usa-2,r-usa-iii-9078
b-usa-4666,cc-usa-2,r-usa-iii-9078
b-usa-9935,cc-usa-1,r-usa-iii-2479
b-usa-5513,cc-usa-1,r-usa-iii-2479
b-usa-7501,cc-usa-1,r-usa-iii-2479
b-usa-4034,cc-usa-1,r-usa-iii-5742
b-usa-0676,cc-usa-1,r-usa-iii-5742
b-usa-7615,cc-usa-1,r-usa-iii-5742
b-usa-5666,cc-usa-1,r-usa-iii-2678
b-usa-8473,cc-usa-1,r-usa-iii-2678
b-usa-5404,cc-usa-1,r-usa-iii-2678
b-usa-4004,cc-usa-2,r-usa-iii-5461
b-usa-2070,cc-usa-2,r-usa-iii-5461
b-usa-4411,cc-usa-2,r-usa-iii-5461
b-usa-2135,cc-usa-2,r-usa-iii-0407
b-usa-6010,cc-usa-2,r-usa-iii-0407
b-usa-1904,cc-usa-2,r-usa-iii-0407
b-usa-0366,cc-usa-1,r-usa-iii-2214
b-usa-8610,cc-usa-1,r-usa-iii-2214
b-usa-9196,cc-usa-1,r-usa-iii-2214
b-usa-6439,cc-usa-2,r-usa-iii-0043
b-usa-3470,cc-usa-2,r-usa-iii-0043
b-usa-1166,cc-usa-2,r-usa-iii-0043
b-usa-6508,cc-usa-2,r-usa-iii-6338
b-usa-3779,cc-usa-2,r-usa-iii-6338
b-usa-5831,cc-usa-2,r-usa-iii-6338
b-usa-8200,cc-usa-1,r-usa-iii-8028
b-usa-3682,cc-usa-1,r-usa-iii-8028
b-usa-9419,cc-usa-1,r-usa-iii-8028
b-usa-3539,cc-usa-1,r-usa-iii-1899
b-usa-6758,cc-usa-1,r-usa-iii-1899
b-usa-8374,cc-usa-1,r-usa-iii-1899
b-usa-6897,cc-usa-1,r-usa-iii-1727
b-usa-9082,cc-usa-1,r-usa-iii-1727
b-usa-1776,cc-usa-1,r-usa-iii-1727
b-usa-1517,cc-usa-2,r-usa-iii-1399
b-usa-7918,cc-usa-2,r-usa-iii-1399
b-usa-8473,cc-usa-2,r-usa-iii-1399
b-usa-0829,cc-usa-1,r-usa-iii-6153
b-usa-5280,cc-usa-1,r-usa-iii-6153
b-usa-6456,cc-usa-1,r-usa-iii-6153
b-usa-0220,cc-usa-2,r-usa-iii-5218
b-usa-2477,cc-usa-2,r-usa-iii-5218
b-usa-6403,cc-usa-2,r-usa-iii-5218
b-usa-2457,cc-usa-2,r-usa-iii-2395
b-usa-4951,cc-usa-2,r-usa-iii-2395
b-usa-5437,cc-usa-2,r-usa-iii-2395
b-usa-3449,cc-usa-2,r-usa-iii-5169
b-usa-5684,cc-usa-2,r-usa-iii-5169
b-usa-0161,cc-usa-2,r-usa-iii-5169
b-usa-2948,cc-usa-2,r-usa-iii-8432
b-usa-2437,cc-usa-2,r-usa-iii-8432
b-usa-5954,cc-usa-2,r-usa-iii-8432
b-usa-7458,cc-usa-2,r-usa-iii-3110
b-usa-8701,cc-usa-2,r-usa-iii-3110
b-usa-0180,cc-usa-2,r-usa-iii-3110
b-usa-8209,cc-usa-1,r-usa-iii-7257
b-usa-2893,cc-usa-1,r-usa-iii-7257
b-usa-6517,cc-usa-1,r-usa-iii-7257
b-usa-6554,cc-usa-1,r-usa-iii-9649
b-usa-6735,cc-usa-1,r-usa-iii-9649
b-usa-1537,cc-usa-1,r-usa-iii-9649
b-usa-6243,cc-usa-1,r-usa-iii-4961
b-usa-5581,cc-usa-1,r-usa-iii-4961
b-usa-6664,cc-usa-1,r-usa-iii-4961
b-usa-3360,cc-usa-1,r-usa-iii-0589
b-usa-5825,cc-usa-1,r-usa-iii-0589
b-usa-1711,cc-usa-1,r-usa-iii-0589
b-usa-9852,cc-usa-1,r-usa-iii-9008
b-usa-1516,cc-usa-1,r-usa-iii-9008
b-usa-9289,cc-usa-1,r-usa-iii-9008
b-usa-9530,cc-usa-2,r-usa-iii-6589
b-usa-6094,cc-usa-2,r-usa-iii-6589
b-usa-7904,cc-usa-2,r-usa-iii-6589
b-usa-2257,cc-usa-1,r-usa-iii-9387
b-usa-5718,cc-usa-1,r-usa-iii-9387
b-usa-5514,cc-usa-1,r-usa-iii-9387
b-usa-8883,cc-usa-2,r-usa-iii-7076
b-usa-1867,cc-usa-2,r-usa-iii-7076
b-usa-4419,cc-usa-2,r-usa-iii-7076
b-usa-0651,cc-usa-2,r-usa-iii-0700
b-usa-9907,cc-usa-2,r-usa-iii-0700
b-usa-0628,cc-usa-2,r-usa-iii-0700
b-usa-5440,cc-usa-2,r-usa-iii-5438
b-usa-6946,cc-usa-2,r-usa-iii-5438
b-usa-8947,cc-usa-2,r-usa-iii-5438
b-usa-4842,cc-usa-2,r-usa-iii-1279
b-usa-7135,cc-usa-2,r-usa-iii-1279
b-usa-3962,cc-usa-2,r-usa-iii-1279
b-usa-6217,cc-usa-2,r-usa-iii-0084
b-usa-5996,cc-usa-2,r-usa-iii-0084
b-usa-1013,cc-usa-2,r-usa-iii-0084
b-usa-9094,cc-usa-2,r-usa-iii-0785
b-usa-0004,cc-usa-2,r-usa-iii-0785
b-usa-6841,cc-usa-2,r-usa-iii-0785
b-usa-7091,cc-usa-2,r-usa-iii-7594
b-usa-2088,cc-usa-2,r-usa-iii-7594
b-usa-6488,cc-usa-2,r-usa-iii-7594
b-usa-0229,cc-usa-2,r-usa-iii-2921
b-usa-4778,cc-usa-2,r-usa-iii-2921
b-usa-4640,cc-usa-2,r-usa-iii-2921
b-usa-7303,cc-usa-2,r-usa-iii-1293
b-usa-5321,cc-usa-2,r-usa-iii-1293
b-usa-4554,cc-usa-2,r-usa-iii-1293
b-usa-6249,cc-usa-1,r-usa-iii-9678
b-usa-9357,cc-usa-1,r-usa-iii-9678
b-usa-0067,cc-usa-1,r-usa-iii-9678
b-usa-1227,cc-usa-2,r-usa-iii-6831
b-usa-2299,cc-usa-2,r-usa-iii-6831
b-usa-6255,cc-usa-2,r-usa-iii-6831
b-usa-3891,cc-usa-1,r-usa-iii-9356
b-usa-5577,cc-usa-1,r-usa-iii-9356
b-usa-7804,cc-usa-1,r-usa-iii-9356
b-usa-5906,cc-usa-1,r-usa-iii-0247
b-usa-5794,cc-usa-1,r-usa-iii-0247
b-usa-8246,cc-usa-1,r-usa-iii-0247
b-usa-3965,cc-usa-2,r-usa-iii-5000
b-usa-6530,cc-usa-2,r-usa-iii-5000
b-usa-2022,cc-usa-2,r-usa-iii-5000
b-usa-1402,cc-usa-2,r-usa-iii-7980
b-usa-6815,cc-usa-2,r-usa-iii-7980
b-usa-9677,cc-usa-2,r-usa-iii-7980
b-usa-6114,cc-usa-1,r-usa-iii-7963
b-usa-7979,cc-usa-1,r-usa-iii-7963
b-usa-9695,cc-usa-1,r-usa-iii-7963
b-usa-2169,cc-usa-1,r-usa-iii-3396
b-usa-6765,cc-usa-1,r-usa-iii-3396
b-usa-0920,cc-usa-1,r-usa-iii-3396
b-usa-1236,cc-usa-1,r-usa-iii-4107
b-usa-8719,cc-usa-1,r-usa-iii-4107
b-usa-3223,cc-usa-1,r-usa-iii-4107
b-usa-5841,cc-usa-1,r-usa-iii-3275
b-usa-7487,cc-usa-1,r-usa-iii-3275
b-usa-2152,cc-usa-1,r-usa-iii-3275
b-usa-4159,cc-usa-1,r-usa-iii-6748
b-usa-8923,cc-usa-1,r-usa-iii-6748
b-usa-2472,cc-usa-1,r-usa-iii-6748
b-usa-2388,cc-usa-1,r-usa-iii-5386
b-usa-2788,cc-usa-1,r-usa-iii-5386
b-usa-3750,cc-usa-1,r-usa-iii-5386
b-usa-1600,cc-usa-1,r-usa-iii-0401
b-usa-6884,cc-usa-1,r-usa-iii-0401
b-usa-1227,cc-usa-1,r-usa-iii-0401
b-usa-3444,cc-usa-2,r-usa-iii-3643
b-usa-3156,cc-usa-2,r-usa-iii-3643
b-usa-3450,cc-usa-2,r-usa-iii-3643
b-usa-2839,cc-usa-2,r-usa-iii-8028
b-usa-9150,cc-usa-2,r-usa-iii-8028
b-usa-8710,cc-usa-2,r-usa-iii-8028
b-usa-5764,cc-usa-1,r-usa-iii-5504
b-usa-9222,cc-usa-1,r-usa-iii-5504
b-usa-6183,cc-usa-1,r-usa-iii-5504
b-usa-0697,cc-usa-2,r-usa-iii-4779
b-usa-1291,cc-usa-2,r-usa-iii-4779
b-usa-1591,cc-usa-2,r-usa-iii-4779
b-usa-5294,cc-usa-2,r-usa-iii-8621
b-usa-7564,cc-usa-2,r-usa-iii-8621
b-usa-2488,cc-usa-2,r-usa-iii-8621
b-usa-5289,cc-usa-2,r-usa-iii-5012
b-usa-8263,cc-usa-2,r-usa-iii-5012
b-usa-2606,cc-usa-2,r-usa-iii-5012
b-usa-6169,cc-usa-1,r-usa-iii-0994
b-usa-8037,cc-usa-1,r-usa-iii-0994
b-usa-5308,cc-usa-1,r-usa-iii-0994
b-usa-6322,cc-usa-1,r-usa-iii-6197
b-usa-6788,cc-usa-1,r-usa-iii-6197
b-usa-7887,cc-usa-1,r-usa-iii-6197
b-usa-8429,cc-usa-2,r-usa-iii-9084
b-usa-0447,cc-usa-2,r-usa-iii-9084
b-usa-7521,cc-usa-2,r-usa-iii-9084
b-usa-7332,cc-usa-2,r-usa-iii-8749
b-usa-7827,cc-usa-2,r-usa-iii-8749
b-usa-1597,cc-usa-2,r-usa-iii-8749
b-usa-1695,cc-usa-2,r-usa-iii-8872
b-usa-5212,cc-usa-2,r-usa-iii-8872
b-usa-2820,cc-usa-2,r-usa-iii-8872
b-usa-8492,cc-usa-2,r-usa-iii-7880
b-usa-1841,cc-usa-2,r-usa-iii-7880
b-usa-6311,cc-usa-2,r-usa-iii-7880
b-usa-0516,cc-usa-2,r-usa-iii-8570
b-usa-4202,cc-usa-2,r-usa-iii-8570
b-usa-9642,cc-usa-2,r-usa-iii-8570
b-usa-0996,cc-usa-2,r-usa-iii-2377
b-usa-0086,cc-usa-2,r-usa-iii-2377
b-usa-1492,cc-usa-2,r-usa-iii-2377
b-usa-9761,cc-usa-1,r-usa-iii-7901
b-usa-9780,cc-usa-1,r-usa-iii-7901
b-usa-2153,cc-usa-1,r-usa-iii-7901
b-usa-8866,cc-usa-2,r-usa-iii-3020
b-usa-5766,cc-usa-2,r-usa-iii-3020
b-usa-4965,cc-usa-2,r-usa-iii-3020
b-usa-2814,cc-usa-1,r-usa-iii-7186
b-usa-3824,cc-usa-1,r-usa-iii-7186
b-usa-0428,cc-usa-1,r-usa-iii-7186
b-usa-4526,cc-usa-2,r-usa-iii-0330
b-usa-6062,cc-usa-2,r-usa-iii-0330
b-usa-7991,cc-usa-2,r-usa-iii-0330
b-usa-4899,cc-usa-1,r-usa-iii-8314
b-usa-5034,cc-usa-1,r-usa-iii-8314
b-usa-9422,cc-usa-1,r-usa-iii-8314
b-usa-7157,cc-usa-1,r-usa-iii-3791
b-usa-2897,cc-usa-1,r-usa-iii-3791
b-usa-9967,cc-usa-1,r-usa-iii-3791
b-usa-7628,cc-usa-1,r-usa-iii-4472
b-usa-2385,cc-usa-1,r-usa-iii-4472
b-usa-6572,cc-usa-1,r-usa-iii-4472
b-usa-6282,cc-usa-2,r-usa-iii-4759
b-usa-6164,cc-usa-2,r-usa-iii-4759
b-usa-8670,cc-usa-2,r-usa-iii-4759
b-usa-5197,cc-usa-1,r-usa-iii-7625
b-usa-8287,cc-usa-1,r-usa-iii-7625
b-usa-2134,cc-usa-1,r-usa-iii-7625
b-usa-0677,cc-usa-1,r-usa-iii-4127
b-usa-1177,cc-usa-1,r-usa-iii-4127
b-usa-4065,cc-usa-1,r-usa-iii-4127
b-usa-8707,cc-usa-2,r-usa-iii-7236
b-usa-9520,cc-usa-2,r-usa-iii-7236
b-usa-7625,cc-usa-2,r-usa-iii-7236
b-usa-7526,cc-usa-2,r-usa-iii-9267
b-usa-3372,cc-usa-2,r-usa-iii-9267
b-usa-8684,cc-usa-2,r-usa-iii-9267
b-usa-7921,cc-usa-1,r-usa-iii-4653
b-usa-6390,cc-usa-1,r-usa-iii-4653
b-usa-9615,cc-usa-1,r-usa-iii-4653
b-usa-9671,cc-usa-2,r-usa-iii-9672
b-usa-1411,cc-usa-2,r-usa-iii-9672
b-usa-8512,cc-usa-2,r-usa-iii-9672
b-usa-2642,cc-usa-1,r-usa-iii-9709
b-usa-9489,cc-usa-1,r-usa-iii-9709
b-usa-1022,cc-usa-1,r-usa-iii-9709
b-usa-9246,cc-usa-1,r-usa-iii-2681
b-usa-3680,cc-usa-1,r-usa-iii-2681
b-usa-6760,cc-usa-1,r-usa-iii-2681
b-usa-7669,cc-usa-1,r-usa-iii-0187
b-usa-9775,cc-usa-1,r-usa-iii-0187
b-usa-7204,cc-usa-1,r-usa-iii-0187
b-usa-2782,cc-usa-2,r-usa-iii-8902
b-usa-2331,cc-usa-2,r-usa-iii-8902
b-usa-1949,cc-usa-2,r-usa-iii-8902
b-usa-5523,cc-usa-2,r-usa-iii-1081
b-usa-7797,cc-usa-2,r-usa-iii-1081
b-usa-9517,cc-usa-2,r-usa-iii-1081
b-usa-6962,cc-usa-2,r-usa-iii-5579
b-usa-8133,cc-usa-2,r-usa-iii-5579
b-usa-2755,cc-usa-2,r-usa-iii-5579
b-usa-6152,cc-usa-2,r-usa-iii-0500
b-usa-8724,cc-usa-2,r-usa-iii-0500
b-usa-8230,cc-usa-2,r-usa-iii-0500
b-usa-9853,cc-usa-1,r-usa-iii-0779
b-usa-7687,cc-usa-1,r-usa-iii-0779
b-usa-2966,cc-usa-1,r-usa-iii-0779
b-usa-3015,cc-usa-2,r-usa-iii-7997
b-usa-0860,cc-usa-2,r-usa-iii-7997
b-usa-4940,cc-usa-2,r-usa-iii-7997
b-usa-9327,cc-usa-1,r-usa-iii-8703
b-usa-7868,cc-usa-1,r-usa-iii-8703
b-usa-4046,cc-usa-1,r-usa-iii-8703
b-usa-4271,cc-usa-1,r-usa-iii-2235
b-usa-5947,cc-usa-1,r-usa-iii-2235
b-usa-5737,cc-usa-1,r-usa-iii-2235
b-usa-3528,cc-usa-2,r-usa-iii-8784
b-usa-4824,cc-usa-2,r-usa-iii-8784
b-usa-9271,cc-usa-2,r-usa-iii-8784
b-usa-8204,cc-usa-2,r-usa-iii-5150
b-usa-0339,cc-usa-2,r-usa-iii-5150
b-usa-9707,cc-usa-2,r-usa-iii-5150
b-usa-2263,cc-usa-1,r-usa-iii-8384
b-usa-9456,cc-usa-1,r-usa-iii-8384
b-usa-2351,cc-usa-1,r-usa-iii-8384
b-usa-4933,cc-usa-2,r-usa-iii-6095
b-usa-3466,cc-usa-2,r-usa-iii-6095
b-usa-3539,cc-usa-2,r-usa-iii-6095
b-usa-4063,cc-usa-2,r-usa-iii-4937
b-usa-4424,cc-usa-2,r-usa-iii-4937
b-usa-3128,cc-usa-2,r-usa-iii-4937
b-usa-1609,cc-usa-1,r-usa-iii-0765
b-usa-8304,cc-usa-1,r-usa-iii-0765
b-usa-3163,cc-usa-1,r-usa-iii-0765
b-usa-4948,cc-usa-2,r-usa-iii-7349
b-usa-5069,cc-usa-2,r-usa-iii-7349
b-usa-6572,cc-usa-2,r-usa-iii-7349
b-usa-1032,cc-usa-1,r-usa-iii-4389
b-usa-2401,cc-usa-1,r-usa-iii-4389
b-usa-1151,cc-usa-1,r-usa-iii-4389
b-usa-7909,cc-usa-1,r-usa-iii-7755
b-usa-4622,cc-usa-1,r-usa-iii-7755
b-usa-9548,cc-usa-1,r-usa-iii-7755
b-usa-3248,cc-usa-1,r-usa-iii-4927
b-usa-4310,cc-usa-1,r-usa-iii-4927
b-usa-9559,cc-usa-1,r-usa-iii-4927
b-usa-1667,cc-usa-1,r-usa-iii-7677
b-usa-9544,cc-usa-1,r-usa-iii-7677
b-usa-2809,cc-usa-1,r-usa-iii-7677
b-usa-1830,cc-usa-2,r-usa-iii-8975
b-usa-7545,cc-usa-2,r-usa-iii-8975
b-usa-2736,cc-usa-2,r-usa-iii-8975
b-usa-4498,cc-usa-2,r-usa-iii-2755
b-usa-3594,cc-usa-2,r-usa-iii-2755
b-usa-9231,cc-usa-2,r-usa-iii-2755
b-usa-0525,cc-usa-1,r-usa-iii-9278
b-usa-4915,cc-usa-1,r-usa-iii-9278
b-usa-9076,cc-usa-1,r-usa-iii-9278
b-usa-7245,cc-usa-1,r-usa-iii-6538
b-usa-3700,cc-usa-1,r-usa-iii-6538
b-usa-4821,cc-usa-1,r-usa-iii-6538
b-usa-8488,cc-usa-1,r-usa-iii-2322
b-usa-4848,cc-usa-1,r-usa-iii-2322
b-usa-8734,cc-usa-1,r-usa-iii-2322
b-usa-3443,cc-usa-1,r-usa-iii-7534
b-usa-4408,cc-usa-1,r-usa-iii-7534
b-usa-5240,cc-usa-1,r-usa-iii-7534
b-usa-4296,cc-usa-1,r-usa-iii-9775
b-usa-5907,cc-usa-1,r-usa-iii-9775
b-usa-5190,cc-usa-1,r-usa-iii-9775
b-usa-8816,cc-usa-1,r-usa-iii-0696
b-usa-4695,cc-usa-1,r-usa-iii-0696
b-usa-8434,cc-usa-1,r-usa-iii-0696
b-usa-8654,cc-usa-1,r-usa-iii-5740
b-usa-3609,cc-usa-1,r-usa-iii-5740
b-usa-4732,cc-usa-1,r-usa-iii-5740
b-usa-2939,cc-usa-2,r-usa-iii-9701
b-usa-8127,cc-usa-2,r-usa-iii-9701
b-usa-6950,cc-usa-2,r-usa-iii-9701
b-usa-1754,cc-usa-1,r-usa-iii-2249
b-usa-7256,cc-usa-1,r-usa-iii-2249
b-usa-0546,cc-usa-1,r-usa-iii-2249
b-usa-0547,cc-usa-1,r-usa-iii-8771
b-usa-9665,cc-usa-1,r-usa-iii-8771
b-usa-2655,cc-usa-1,r-usa-iii-8771
b-usa-2813,cc-usa-2,r-usa-iii-6189
b-usa-0294,cc-usa-2,r-usa-iii-6189
b-usa-8426,cc-usa-2,r-usa-iii-6189
b-usa-7790,cc-usa-1,r-usa-iii-0743
b-usa-9226,cc-usa-1,r-usa-iii-0743
b-usa-6550,cc-usa-1,r-usa-iii-0743
b-usa-6585,cc-usa-1,r-usa-iii-8264
b-usa-4149,cc-usa-1,r-usa-iii-8264
b-usa-9355,cc-usa-1,r-usa-iii-8264
b-usa-1082,cc-usa-1,r-usa-iii-8707
b-usa-6514,cc-usa-1,r-usa-iii-8707
b-usa-6595,cc-usa-1,r-usa-iii-8707
b-usa-7288,cc-usa-2,r-usa-iii-5800
b-usa-2094,cc-usa-2,r-usa-iii-5800
b-usa-2040,cc-usa-2,r-usa-iii-5800
b-usa-3098,cc-usa-2,r-usa-iii-4257
b-usa-8737,cc-usa-2,r-usa-iii-4257
b-usa-2063,cc-usa-2,r-usa-iii-4257
b-usa-7619,cc-usa-1,r-usa-iii-9604
b-usa-0666,cc-usa-1,r-usa-iii-9604
b-usa-7771,cc-usa-1,r-usa-iii-9604
b-usa-9438,cc-usa-1,r-usa-iii-9767
b-usa-4580,cc-usa-1,r-usa-iii-9767
b-usa-2975,cc-usa-1,r-usa-iii-9767
b-usa-0354,cc-usa-2,r-usa-iii-5955
b-usa-5052,cc-usa-2,r-usa-iii-5955
b-usa-1069,cc-usa-2,r-usa-iii-5955
b-usa-4106,cc-usa-1,r-usa-iii-4613
b-usa-8414,cc-usa-1,r-usa-iii-4613
b-usa-7138,cc-usa-1,r-usa-iii-4613
b-usa-4220,cc-usa-2,r-usa-iii-0333
b-usa-5158,cc-usa-2,r-usa-iii-0333
b-usa-6042,cc-usa-2,r-usa-iii-0333
b-usa-2102,cc-usa-2,r-usa-iii-3074
b-usa-9794,cc-usa-2,r-usa-iii-3074
b-usa-3003,cc-usa-2,r-usa-iii-3074
b-usa-1548,cc-usa-1,r-usa-iii-8327
b-usa-5485,cc-usa-1,r-usa-iii-8327
b-usa-2284,cc-usa-1,r-usa-iii-8327
b-usa-9051,cc-usa-2,r-usa-iii-1296
b-usa-5304,cc-usa-2,r-usa-iii-1296
b-usa-7052,cc-usa-2,r-usa-iii-1296
b-usa-5549,cc-usa-1,r-usa-iii-3686
b-usa-1725,cc-usa-1,r-usa-iii-3686
b-usa-5879,cc-usa-1,r-usa-iii-3686
b-usa-3737,cc-usa-2,r-usa-iii-0462
b-usa-9059,cc-usa-2,r-usa-iii-0462
b-usa-8355,cc-usa-2,r-usa-iii-0462
b-usa-8660,cc-usa-1,r-usa-iii-0063
b-usa-6540,cc-usa-1,r-usa-iii-0063
b-usa-9047,cc-usa-1,r-usa-iii-0063
b-usa-9646,cc-usa-2,r-usa-iii-2758
b-usa-7262,cc-usa-2,r-usa-iii-2758
b-usa-9283,cc-usa-2,r-usa-iii-2758
b-usa-6668,cc-usa-1,r-usa-iii-3900
b-usa-3778,cc-usa-1,r-usa-iii-3900
b-usa-9824,cc-usa-1,r-usa-iii-3900
b-usa-4480,cc-usa-1,r-usa-iii-5080
b-usa-6831,cc-usa-1,r-usa-iii-5080
b-usa-2635,cc-usa-1,r-usa-iii-5080
b-usa-1875,cc-usa-1,r-usa-iii-7094
b-usa-5735,cc-usa-1,r-usa-iii-7094
b-usa-3357,cc-usa-1,r-usa-iii-7094
b-usa-1943,cc-usa-2,r-usa-iii-5191
b-usa-4441,cc-usa-2,r-usa-iii-5191
b-usa-4528,cc-usa-2,r-usa-iii-5191
b-usa-3451,cc-usa-1,r-usa-iii-8833
b-usa-7851,cc-usa-1,r-usa-iii-8833
b-usa-5349,cc-usa-1,r-usa-iii-8833
b-usa-3669,cc-usa-1,r-usa-iii-0135
b-usa-3677,cc-usa-1,r-usa-iii-0135
b-usa-5477,cc-usa-1,r-usa-iii-0135
b-usa-1846,cc-usa-1,r-usa-iii-6226
b-usa-3189,cc-usa-1,r-usa-iii-6226
b-usa-3211,cc-usa-1,r-usa-iii-6226
b-usa-5463,cc-usa-1,r-usa-iii-5340
b-usa-2462,cc-usa-1,r-usa-iii-5340
b-usa-2384,cc-usa-1,r-usa-iii-5340
b-usa-3272,cc-usa-2,r-usa-iii-7164
b-usa-5527,cc-usa-2,r-usa-iii-7164
b-usa-8435,cc-usa-2,r-usa-iii-7164
b-usa-2324,cc-usa-2,r-usa-iii-4042
b-usa-7518,cc-usa-2,r-usa-iii-4042
b-usa-3831,cc-usa-2,r-usa-iii-4042
b-usa-2593,cc-usa-1,r-usa-iii-6136
b-usa-7020,cc-usa-1,r-usa-iii-6136
b-usa-7879,cc-usa-1,r-usa-iii-6136
b-usa-4777,cc-usa-2,r-usa-iii-5128
b-usa-4833,cc-usa-2,r-usa-iii-5128
b-usa-7820,cc-usa-2,r-usa-iii-5128
b-usa-6307,cc-usa-1,r-usa-iii-7925
b-usa-1513,cc-usa-1,r-usa-iii-7925
b-usa-2894,cc-usa-1,r-usa-iii-7925
b-usa-2012,cc-usa-2,r-usa-iii-7499
b-usa-2095,cc-usa-2,r-usa-iii-7499
b-usa-0605,cc-usa-2,r-usa-iii-7499
b-usa-1881,cc-usa-2,r-usa-iii-5537
b-usa-9983,cc-usa-2,r-usa-iii-5537
b-usa-5864,cc-usa-2,r-usa-iii-5537
b-usa-8515,cc-usa-1,r-usa-iii-1193
b-usa-4256,cc-usa-1,r-usa-iii-1193
b-usa-1085,cc-usa-1,r-usa-iii-1193
b-usa-2915,cc-usa-2,r-usa-iii-8694
b-usa-4998,cc-usa-2,r-usa-iii-8694
b-usa-6579,cc-usa-2,r-usa-iii-8694
b-usa-2279,cc-usa-2,r-usa-iii-8945
b-usa-3629,cc-usa-2,r-usa-iii-8945
b-usa-3898,cc-usa-2,r-usa-iii-8945
